sample,cohort,batchN,modality,FlowCell,runID,used
HBCC-1003,HBCC,8,snATAC,HLVGTDMXY,AN00014985,FALSE
HBCC-1003,HBCC,8,snATAC,HLVJNDMXY,AN00014985,FALSE
HBCC-1003,HBCC,8,snRNA,H7W73DSX7,AN00014986,FALSE
HBCC-1003,HBCC,10,snATAC,HM2CTDMXY,AN00016884,TRUE
HBCC-1003,HBCC,10,snATAC,HNGFMDMXY,AN00016884,TRUE
HBCC-1003,HBCC,10,snRNA,HTNGNDSX7,AN00016885,TRUE
HBCC-1003,HBCC,10,snRNA,HW2LNDSX7,AN00016885,TRUE
HBCC-1004,HBCC,8,snATAC,HLVGTDMXY,AN00014985,FALSE
HBCC-1004,HBCC,8,snATAC,HLVJNDMXY,AN00014985,FALSE
HBCC-1004,HBCC,8,snRNA,H7W73DSX7,AN00014986,FALSE
HBCC-1004,HBCC,10,snATAC,HM2CTDMXY,AN00016884,TRUE
HBCC-1004,HBCC,10,snATAC,HNGFMDMXY,AN00016884,TRUE
HBCC-1004,HBCC,10,snRNA,HTNGNDSX7,AN00016885,TRUE
HBCC-1004,HBCC,10,snRNA,HW2LNDSX7,AN00016885,TRUE
HBCC-1007,HBCC,8,snATAC,HLVGTDMXY,AN00014985,TRUE
HBCC-1007,HBCC,8,snATAC,HLVJNDMXY,AN00014985,TRUE
HBCC-1007,HBCC,8,snRNA,H7W73DSX7,AN00014986,TRUE
HBCC-1017,HBCC,8,snATAC,HLVGTDMXY,AN00014985,TRUE
HBCC-1017,HBCC,8,snATAC,HLVJNDMXY,AN00014985,TRUE
HBCC-1017,HBCC,8,snRNA,H7W73DSX7,AN00014986,TRUE
HBCC-1017,HBCC,10,snATAC,HM2CTDMXY,AN00016884,FALSE
HBCC-1017,HBCC,10,snATAC,HNGFMDMXY,AN00016884,FALSE
HBCC-1017,HBCC,10,snRNA,HTNGNDSX7,AN00016885,FALSE
HBCC-1017,HBCC,10,snRNA,HW2LNDSX7,AN00016885,FALSE
HBCC-1020,HBCC,6,snATAC,HK7F7DMXY,AN00014456,FALSE
HBCC-1020,HBCC,6,snATAC,HKLKJDMXY,AN00014456,FALSE
HBCC-1020,HBCC,6,snRNA,HY23VDSX5,AN00014457,FALSE
HBCC-1020,HBCC,9,snATAC,HLVM5DMXY,AN00015125,TRUE
HBCC-1020,HBCC,9,snATAC,HLVTHDMXY,AN00015125,TRUE
HBCC-1020,HBCC,9,snRNA,H7WGLDSX7,AN00015126,TRUE
HBCC-1039,HBCC,8,snATAC,HLVGTDMXY,AN00014985,TRUE
HBCC-1039,HBCC,8,snATAC,HLVJNDMXY,AN00014985,TRUE
HBCC-1039,HBCC,8,snRNA,H7W73DSX7,AN00014986,TRUE
HBCC-1039,HBCC,10,snATAC,HM2CTDMXY,AN00016884,FALSE
HBCC-1039,HBCC,10,snATAC,HNGFMDMXY,AN00016884,FALSE
HBCC-1039,HBCC,10,snRNA,HTNGNDSX7,AN00016885,FALSE
HBCC-1039,HBCC,10,snRNA,HW2LNDSX7,AN00016885,FALSE
HBCC-1040,HBCC,6,snATAC,HK7F7DMXY,AN00014456,TRUE
HBCC-1040,HBCC,6,snATAC,HKLKJDMXY,AN00014456,TRUE
HBCC-1040,HBCC,6,snRNA,HY23VDSX5,AN00014457,TRUE
HBCC-1040,HBCC,9,snATAC,HLVM5DMXY,AN00015125,FALSE
HBCC-1040,HBCC,9,snATAC,HLVTHDMXY,AN00015125,FALSE
HBCC-1040,HBCC,9,snRNA,H7WGLDSX7,AN00015126,FALSE
HBCC-1051,HBCC,7,snATAC,HKKMMDMXY,AN00014812,TRUE
HBCC-1051,HBCC,7,snATAC,HLF5JDMXY,AN00014812,TRUE
HBCC-1051,HBCC,7,snRNA,H7TJWDSX7,AN00014813,TRUE
HBCC-1053,HBCC,9,snATAC,HLVM5DMXY,AN00015125,TRUE
HBCC-1053,HBCC,9,snATAC,HLVTHDMXY,AN00015125,TRUE
HBCC-1053,HBCC,9,snRNA,H7WGLDSX7,AN00015126,TRUE
HBCC-1054,HBCC,7,snATAC,HKKMMDMXY,AN00014812,TRUE
HBCC-1054,HBCC,7,snATAC,HLF5JDMXY,AN00014812,TRUE
HBCC-1054,HBCC,7,snRNA,H7TJWDSX7,AN00014813,TRUE
HBCC-1056,HBCC,7,snATAC,HKKMMDMXY,AN00014812,TRUE
HBCC-1056,HBCC,7,snATAC,HLF5JDMXY,AN00014812,TRUE
HBCC-1056,HBCC,7,snRNA,H7TJWDSX7,AN00014813,TRUE
HBCC-1058,HBCC,8,snATAC,HLVGTDMXY,AN00014985,TRUE
HBCC-1058,HBCC,8,snATAC,HLVJNDMXY,AN00014985,TRUE
HBCC-1058,HBCC,8,snRNA,H7W73DSX7,AN00014986,TRUE
HBCC-1069,HBCC,8,snATAC,HLVGTDMXY,AN00014985,TRUE
HBCC-1069,HBCC,8,snATAC,HLVJNDMXY,AN00014985,TRUE
HBCC-1069,HBCC,8,snRNA,H7W73DSX7,AN00014986,TRUE
HBCC-1099,HBCC,9,snATAC,HLVM5DMXY,AN00015125,TRUE
HBCC-1099,HBCC,9,snATAC,HLVTHDMXY,AN00015125,TRUE
HBCC-1099,HBCC,9,snRNA,H7WGLDSX7,AN00015126,TRUE
HBCC-1105,HBCC,9,snATAC,HLVM5DMXY,AN00015125,TRUE
HBCC-1105,HBCC,9,snATAC,HLVTHDMXY,AN00015125,TRUE
HBCC-1105,HBCC,9,snRNA,H7WGLDSX7,AN00015126,TRUE
HBCC-1111,HBCC,9,snATAC,HLVM5DMXY,AN00015125,TRUE
HBCC-1111,HBCC,9,snATAC,HLVTHDMXY,AN00015125,TRUE
HBCC-1111,HBCC,9,snRNA,H7WGLDSX7,AN00015126,TRUE
HBCC-1122,HBCC,9,snATAC,HLVM5DMXY,AN00015125,TRUE
HBCC-1122,HBCC,9,snATAC,HLVTHDMXY,AN00015125,TRUE
HBCC-1122,HBCC,9,snRNA,H7WGLDSX7,AN00015126,TRUE
HBCC-1133,HBCC,7,snATAC,HKKMMDMXY,AN00014812,TRUE
HBCC-1133,HBCC,7,snATAC,HLF5JDMXY,AN00014812,TRUE
HBCC-1133,HBCC,7,snRNA,H7TJWDSX7,AN00014813,TRUE
HBCC-1134,HBCC,6,snATAC,HK7F7DMXY,AN00014456,TRUE
HBCC-1134,HBCC,6,snATAC,HKLKJDMXY,AN00014456,TRUE
HBCC-1134,HBCC,6,snRNA,HY23VDSX5,AN00014457,TRUE
HBCC-1135,HBCC,7,snATAC,HKKMMDMXY,AN00014812,FALSE
HBCC-1135,HBCC,7,snATAC,HLF5JDMXY,AN00014812,FALSE
HBCC-1135,HBCC,7,snRNA,H7TJWDSX7,AN00014813,FALSE
HBCC-1135,HBCC,10,snATAC,HM2CTDMXY,AN00016884,TRUE
HBCC-1135,HBCC,10,snATAC,HNGFMDMXY,AN00016884,TRUE
HBCC-1135,HBCC,10,snRNA,HTNGNDSX7,AN00016885,TRUE
HBCC-1135,HBCC,10,snRNA,HW2LNDSX7,AN00016885,TRUE
HBCC-1137,HBCC,9,snATAC,HLVM5DMXY,AN00015125,TRUE
HBCC-1137,HBCC,9,snATAC,HLVTHDMXY,AN00015125,TRUE
HBCC-1137,HBCC,9,snRNA,H7WGLDSX7,AN00015126,TRUE
HBCC-1142,HBCC,9,snATAC,HLVM5DMXY,AN00015125,TRUE
HBCC-1142,HBCC,9,snATAC,HLVTHDMXY,AN00015125,TRUE
HBCC-1142,HBCC,9,snRNA,H7WGLDSX7,AN00015126,TRUE
HBCC-1150,HBCC,7,snATAC,HKKMMDMXY,AN00014812,TRUE
HBCC-1150,HBCC,7,snATAC,HLF5JDMXY,AN00014812,TRUE
HBCC-1150,HBCC,7,snRNA,H7TJWDSX7,AN00014813,TRUE
HBCC-1156,HBCC,8,snATAC,HLVGTDMXY,AN00014985,TRUE
HBCC-1156,HBCC,8,snATAC,HLVJNDMXY,AN00014985,TRUE
HBCC-1156,HBCC,8,snRNA,H7W73DSX7,AN00014986,TRUE
HBCC-1164,HBCC,9,snATAC,HLVM5DMXY,AN00015125,TRUE
HBCC-1164,HBCC,9,snATAC,HLVTHDMXY,AN00015125,TRUE
HBCC-1164,HBCC,9,snRNA,H7WGLDSX7,AN00015126,TRUE
HBCC-1167,HBCC,9,snATAC,HLVM5DMXY,AN00015125,TRUE
HBCC-1167,HBCC,9,snATAC,HLVTHDMXY,AN00015125,TRUE
HBCC-1167,HBCC,9,snRNA,H7WGLDSX7,AN00015126,TRUE
HBCC-1171,HBCC,8,snATAC,HLVGTDMXY,AN00014985,FALSE
HBCC-1171,HBCC,8,snATAC,HLVJNDMXY,AN00014985,FALSE
HBCC-1171,HBCC,8,snRNA,H7W73DSX7,AN00014986,FALSE
HBCC-1171,HBCC,10,snATAC,HM2CTDMXY,AN00016884,TRUE
HBCC-1171,HBCC,10,snATAC,HNGFMDMXY,AN00016884,TRUE
HBCC-1171,HBCC,10,snRNA,HTNGNDSX7,AN00016885,TRUE
HBCC-1171,HBCC,10,snRNA,HW2LNDSX7,AN00016885,TRUE
HBCC-1179,HBCC,7,snATAC,HKKMMDMXY,AN00014812,TRUE
HBCC-1179,HBCC,7,snATAC,HLF5JDMXY,AN00014812,TRUE
HBCC-1179,HBCC,7,snRNA,H7TJWDSX7,AN00014813,TRUE
HBCC-1185,HBCC,7,snATAC,HKKMMDMXY,AN00014812,TRUE
HBCC-1185,HBCC,7,snATAC,HLF5JDMXY,AN00014812,TRUE
HBCC-1185,HBCC,7,snRNA,H7TJWDSX7,AN00014813,TRUE
HBCC-1187,HBCC,7,snATAC,HKKMMDMXY,AN00014812,TRUE
HBCC-1187,HBCC,7,snATAC,HLF5JDMXY,AN00014812,TRUE
HBCC-1187,HBCC,7,snRNA,H7TJWDSX7,AN00014813,TRUE
HBCC-1187,HBCC,10,snATAC,HM2CTDMXY,AN00016884,FALSE
HBCC-1187,HBCC,10,snATAC,HNGFMDMXY,AN00016884,FALSE
HBCC-1187,HBCC,10,snRNA,HTNGNDSX7,AN00016885,FALSE
HBCC-1187,HBCC,10,snRNA,HW2LNDSX7,AN00016885,FALSE
HBCC-1193,HBCC,6,snATAC,HK7F7DMXY,AN00014456,FALSE
HBCC-1193,HBCC,6,snATAC,HKLKJDMXY,AN00014456,FALSE
HBCC-1193,HBCC,6,snRNA,HY23VDSX5,AN00014457,FALSE
HBCC-1193,HBCC,10,snATAC,HM2CTDMXY,AN00016884,TRUE
HBCC-1193,HBCC,10,snATAC,HNGFMDMXY,AN00016884,TRUE
HBCC-1193,HBCC,10,snRNA,HTNGNDSX7,AN00016885,TRUE
HBCC-1193,HBCC,10,snRNA,HW2LNDSX7,AN00016885,TRUE
HBCC-1221,HBCC,6,snATAC,HK7F7DMXY,AN00014456,TRUE
HBCC-1221,HBCC,6,snATAC,HKLKJDMXY,AN00014456,TRUE
HBCC-1221,HBCC,6,snRNA,HY23VDSX5,AN00014457,TRUE
HBCC-1227,HBCC,6,snATAC,HK7F7DMXY,AN00014456,TRUE
HBCC-1227,HBCC,6,snATAC,HKLKJDMXY,AN00014456,TRUE
HBCC-1227,HBCC,6,snRNA,HY23VDSX5,AN00014457,TRUE
HBCC-1228,HBCC,6,snATAC,HK7F7DMXY,AN00014456,TRUE
HBCC-1228,HBCC,6,snATAC,HKLKJDMXY,AN00014456,TRUE
HBCC-1228,HBCC,6,snRNA,HY23VDSX5,AN00014457,TRUE
HBCC-1228,HBCC,9,snATAC,HLVM5DMXY,AN00015125,FALSE
HBCC-1228,HBCC,9,snATAC,HLVTHDMXY,AN00015125,FALSE
HBCC-1228,HBCC,9,snRNA,H7WGLDSX7,AN00015126,FALSE
HBCC-1263,HBCC,7,snATAC,HKKMMDMXY,AN00014812,TRUE
HBCC-1263,HBCC,7,snATAC,HLF5JDMXY,AN00014812,TRUE
HBCC-1263,HBCC,7,snRNA,H7TJWDSX7,AN00014813,TRUE
HBCC-1275,HBCC,7,snATAC,HKKMMDMXY,AN00014812,TRUE
HBCC-1275,HBCC,7,snATAC,HLF5JDMXY,AN00014812,TRUE
HBCC-1275,HBCC,7,snRNA,H7TJWDSX7,AN00014813,TRUE
HBCC-1276,HBCC,8,snATAC,HLVGTDMXY,AN00014985,TRUE
HBCC-1276,HBCC,8,snATAC,HLVJNDMXY,AN00014985,TRUE
HBCC-1276,HBCC,8,snRNA,H7W73DSX7,AN00014986,TRUE
HBCC-1281,HBCC,8,snATAC,HLVGTDMXY,AN00014985,TRUE
HBCC-1281,HBCC,8,snATAC,HLVJNDMXY,AN00014985,TRUE
HBCC-1281,HBCC,8,snRNA,H7W73DSX7,AN00014986,TRUE
HBCC-1285,HBCC,8,snATAC,HLVGTDMXY,AN00014985,TRUE
HBCC-1285,HBCC,8,snATAC,HLVJNDMXY,AN00014985,TRUE
HBCC-1285,HBCC,8,snRNA,H7W73DSX7,AN00014986,TRUE
HBCC-1297,HBCC,8,snATAC,HLVGTDMXY,AN00014985,TRUE
HBCC-1297,HBCC,8,snATAC,HLVJNDMXY,AN00014985,TRUE
HBCC-1297,HBCC,8,snRNA,H7W73DSX7,AN00014986,TRUE
HBCC-1305,HBCC,8,snATAC,HLVGTDMXY,AN00014985,TRUE
HBCC-1305,HBCC,8,snATAC,HLVJNDMXY,AN00014985,TRUE
HBCC-1305,HBCC,8,snRNA,H7W73DSX7,AN00014986,TRUE
HBCC-1306,HBCC,8,snATAC,HLVGTDMXY,AN00014985,TRUE
HBCC-1306,HBCC,8,snATAC,HLVJNDMXY,AN00014985,TRUE
HBCC-1306,HBCC,8,snRNA,H7W73DSX7,AN00014986,TRUE
HBCC-1314,HBCC,7,snATAC,HKKMMDMXY,AN00014812,TRUE
HBCC-1314,HBCC,7,snATAC,HLF5JDMXY,AN00014812,TRUE
HBCC-1314,HBCC,7,snRNA,H7TJWDSX7,AN00014813,TRUE
HBCC-1324,HBCC,9,snATAC,HLVM5DMXY,AN00015125,TRUE
HBCC-1324,HBCC,9,snATAC,HLVTHDMXY,AN00015125,TRUE
HBCC-1324,HBCC,9,snRNA,H7WGLDSX7,AN00015126,TRUE
HBCC-1325,HBCC,9,snATAC,HLVM5DMXY,AN00015125,TRUE
HBCC-1325,HBCC,9,snATAC,HLVTHDMXY,AN00015125,TRUE
HBCC-1325,HBCC,9,snRNA,H7WGLDSX7,AN00015126,TRUE
HBCC-1331,HBCC,8,snATAC,HLVGTDMXY,AN00014985,TRUE
HBCC-1331,HBCC,8,snATAC,HLVJNDMXY,AN00014985,TRUE
HBCC-1331,HBCC,8,snRNA,H7W73DSX7,AN00014986,TRUE
HBCC-1340,HBCC,6,snATAC,HK7F7DMXY,AN00014456,FALSE
HBCC-1340,HBCC,6,snATAC,HKLKJDMXY,AN00014456,FALSE
HBCC-1340,HBCC,6,snRNA,HY23VDSX5,AN00014457,FALSE
HBCC-1340,HBCC,10,snATAC,HM2CTDMXY,AN00016884,TRUE
HBCC-1340,HBCC,10,snATAC,HNGFMDMXY,AN00016884,TRUE
HBCC-1340,HBCC,10,snRNA,HTNGNDSX7,AN00016885,TRUE
HBCC-1340,HBCC,10,snRNA,HW2LNDSX7,AN00016885,TRUE
HBCC-1346,HBCC,6,snATAC,HK7F7DMXY,AN00014456,TRUE
HBCC-1346,HBCC,6,snATAC,HKLKJDMXY,AN00014456,TRUE
HBCC-1346,HBCC,6,snRNA,HY23VDSX5,AN00014457,TRUE
HBCC-1348,HBCC,9,snATAC,HLVM5DMXY,AN00015125,TRUE
HBCC-1348,HBCC,9,snATAC,HLVTHDMXY,AN00015125,TRUE
HBCC-1348,HBCC,9,snRNA,H7WGLDSX7,AN00015126,TRUE
HBCC-1357,HBCC,8,snATAC,HLVGTDMXY,AN00014985,TRUE
HBCC-1357,HBCC,8,snATAC,HLVJNDMXY,AN00014985,TRUE
HBCC-1357,HBCC,8,snRNA,H7W73DSX7,AN00014986,TRUE
HBCC-1357,HBCC,10,snATAC,HM2CTDMXY,AN00016884,FALSE
HBCC-1357,HBCC,10,snATAC,HNGFMDMXY,AN00016884,FALSE
HBCC-1357,HBCC,10,snRNA,HTNGNDSX7,AN00016885,FALSE
HBCC-1357,HBCC,10,snRNA,HW2LNDSX7,AN00016885,FALSE
HBCC-1385,HBCC,6,snATAC,HK7F7DMXY,AN00014456,TRUE
HBCC-1385,HBCC,6,snATAC,HKLKJDMXY,AN00014456,TRUE
HBCC-1385,HBCC,6,snRNA,HY23VDSX5,AN00014457,TRUE
HBCC-1390,HBCC,6,snATAC,HK7F7DMXY,AN00014456,TRUE
HBCC-1390,HBCC,6,snATAC,HKLKJDMXY,AN00014456,TRUE
HBCC-1390,HBCC,6,snRNA,HY23VDSX5,AN00014457,TRUE
HBCC-1405,HBCC,9,snATAC,HLVM5DMXY,AN00015125,TRUE
HBCC-1405,HBCC,9,snATAC,HLVTHDMXY,AN00015125,TRUE
HBCC-1405,HBCC,9,snRNA,H7WGLDSX7,AN00015126,TRUE
HBCC-1410,HBCC,6,snATAC,HK7F7DMXY,AN00014456,TRUE
HBCC-1410,HBCC,6,snATAC,HKLKJDMXY,AN00014456,TRUE
HBCC-1410,HBCC,6,snRNA,HY23VDSX5,AN00014457,TRUE
HBCC-1424,HBCC,9,snATAC,HLVM5DMXY,AN00015125,FALSE
HBCC-1424,HBCC,9,snATAC,HLVTHDMXY,AN00015125,FALSE
HBCC-1424,HBCC,9,snRNA,H7WGLDSX7,AN00015126,FALSE
HBCC-1424,HBCC,10,snATAC,HM2CTDMXY,AN00016884,TRUE
HBCC-1424,HBCC,10,snATAC,HNGFMDMXY,AN00016884,TRUE
HBCC-1424,HBCC,10,snRNA,HTNGNDSX7,AN00016885,TRUE
HBCC-1424,HBCC,10,snRNA,HW2LNDSX7,AN00016885,TRUE
HBCC-1431,HBCC,6,snATAC,HK7F7DMXY,AN00014456,TRUE
HBCC-1431,HBCC,6,snATAC,HKLKJDMXY,AN00014456,TRUE
HBCC-1431,HBCC,6,snRNA,HY23VDSX5,AN00014457,TRUE
HBCC-1442,HBCC,6,snATAC,HK7F7DMXY,AN00014456,TRUE
HBCC-1442,HBCC,6,snATAC,HKLKJDMXY,AN00014456,TRUE
HBCC-1442,HBCC,6,snRNA,HY23VDSX5,AN00014457,TRUE
HBCC-1456,HBCC,7,snATAC,HKKMMDMXY,AN00014812,TRUE
HBCC-1456,HBCC,7,snATAC,HLF5JDMXY,AN00014812,TRUE
HBCC-1456,HBCC,7,snRNA,H7TJWDSX7,AN00014813,TRUE
HBCC-1459,HBCC,8,snATAC,HLVGTDMXY,AN00014985,TRUE
HBCC-1459,HBCC,8,snATAC,HLVJNDMXY,AN00014985,TRUE
HBCC-1459,HBCC,8,snRNA,H7W73DSX7,AN00014986,TRUE
HBCC-1462,HBCC,7,snATAC,HKKMMDMXY,AN00014812,TRUE
HBCC-1462,HBCC,7,snATAC,HLF5JDMXY,AN00014812,TRUE
HBCC-1462,HBCC,7,snRNA,H7TJWDSX7,AN00014813,TRUE
HBCC-1468,HBCC,7,snATAC,HKKMMDMXY,AN00014812,FALSE
HBCC-1468,HBCC,7,snATAC,HLF5JDMXY,AN00014812,FALSE
HBCC-1468,HBCC,7,snRNA,H7TJWDSX7,AN00014813,FALSE
HBCC-1468,HBCC,10,snATAC,HM2CTDMXY,AN00016884,TRUE
HBCC-1468,HBCC,10,snATAC,HNGFMDMXY,AN00016884,TRUE
HBCC-1468,HBCC,10,snRNA,HTNGNDSX7,AN00016885,TRUE
HBCC-1468,HBCC,10,snRNA,HW2LNDSX7,AN00016885,TRUE
HBCC-1473,HBCC,7,snATAC,HKKMMDMXY,AN00014812,TRUE
HBCC-1473,HBCC,7,snATAC,HLF5JDMXY,AN00014812,TRUE
HBCC-1473,HBCC,7,snRNA,H7TJWDSX7,AN00014813,TRUE
HBCC-1494,HBCC,7,snATAC,HKKMMDMXY,AN00014812,FALSE
HBCC-1494,HBCC,7,snATAC,HLF5JDMXY,AN00014812,FALSE
HBCC-1494,HBCC,7,snRNA,H7TJWDSX7,AN00014813,FALSE
HBCC-1494,HBCC,10,snATAC,HM2CTDMXY,AN00016884,TRUE
HBCC-1494,HBCC,10,snATAC,HNGFMDMXY,AN00016884,TRUE
HBCC-1494,HBCC,10,snRNA,HTNGNDSX7,AN00016885,TRUE
HBCC-1494,HBCC,10,snRNA,HW2LNDSX7,AN00016885,TRUE
HBCC-1504,HBCC,7,snATAC,HKKMMDMXY,AN00014812,TRUE
HBCC-1504,HBCC,7,snATAC,HLF5JDMXY,AN00014812,TRUE
HBCC-1504,HBCC,7,snRNA,H7TJWDSX7,AN00014813,TRUE
HBCC-1517,HBCC,9,snATAC,HLVM5DMXY,AN00015125,TRUE
HBCC-1517,HBCC,9,snATAC,HLVTHDMXY,AN00015125,TRUE
HBCC-1517,HBCC,9,snRNA,H7WGLDSX7,AN00015126,TRUE
HBCC-1522,HBCC,8,snATAC,HLVGTDMXY,AN00014985,TRUE
HBCC-1522,HBCC,8,snATAC,HLVJNDMXY,AN00014985,TRUE
HBCC-1522,HBCC,8,snRNA,H7W73DSX7,AN00014986,TRUE
HBCC-1525,HBCC,6,snATAC,HK7F7DMXY,AN00014456,TRUE
HBCC-1525,HBCC,6,snATAC,HKLKJDMXY,AN00014456,TRUE
HBCC-1525,HBCC,6,snRNA,HY23VDSX5,AN00014457,TRUE
HBCC-1536,HBCC,6,snATAC,HK7F7DMXY,AN00014456,TRUE
HBCC-1536,HBCC,6,snATAC,HKLKJDMXY,AN00014456,TRUE
HBCC-1536,HBCC,6,snRNA,HY23VDSX5,AN00014457,TRUE
HBCC-1539,HBCC,6,snATAC,HK7F7DMXY,AN00014456,TRUE
HBCC-1539,HBCC,6,snATAC,HKLKJDMXY,AN00014456,TRUE
HBCC-1539,HBCC,6,snRNA,HY23VDSX5,AN00014457,TRUE
HBCC-1548,HBCC,6,snATAC,HK7F7DMXY,AN00014456,FALSE
HBCC-1548,HBCC,6,snATAC,HKLKJDMXY,AN00014456,FALSE
HBCC-1548,HBCC,6,snRNA,HY23VDSX5,AN00014457,FALSE
HBCC-1548,HBCC,9,snATAC,HLVM5DMXY,AN00015125,TRUE
HBCC-1548,HBCC,9,snATAC,HLVTHDMXY,AN00015125,TRUE
HBCC-1548,HBCC,9,snRNA,H7WGLDSX7,AN00015126,TRUE
HBCC-1556,HBCC,8,snATAC,HLVGTDMXY,AN00014985,TRUE
HBCC-1556,HBCC,8,snATAC,HLVJNDMXY,AN00014985,TRUE
HBCC-1556,HBCC,8,snRNA,H7W73DSX7,AN00014986,TRUE
HBCC-1560,HBCC,8,snATAC,HLVGTDMXY,AN00014985,TRUE
HBCC-1560,HBCC,8,snATAC,HLVJNDMXY,AN00014985,TRUE
HBCC-1560,HBCC,8,snRNA,H7W73DSX7,AN00014986,TRUE
HBCC-1563,HBCC,6,snATAC,HK7F7DMXY,AN00014456,TRUE
HBCC-1563,HBCC,6,snATAC,HKLKJDMXY,AN00014456,TRUE
HBCC-1563,HBCC,6,snRNA,HY23VDSX5,AN00014457,TRUE
HBCC-1571,HBCC,7,snATAC,HKKMMDMXY,AN00014812,TRUE
HBCC-1571,HBCC,7,snATAC,HLF5JDMXY,AN00014812,TRUE
HBCC-1571,HBCC,7,snRNA,H7TJWDSX7,AN00014813,TRUE
HBCC-1604,HBCC,7,snATAC,HKKMMDMXY,AN00014812,TRUE
HBCC-1604,HBCC,7,snATAC,HLF5JDMXY,AN00014812,TRUE
HBCC-1604,HBCC,7,snRNA,H7TJWDSX7,AN00014813,TRUE
HBCC-1611,HBCC,7,snATAC,HKKMMDMXY,AN00014812,TRUE
HBCC-1611,HBCC,7,snATAC,HLF5JDMXY,AN00014812,TRUE
HBCC-1611,HBCC,7,snRNA,H7TJWDSX7,AN00014813,TRUE
HBCC-1615,HBCC,7,snATAC,HKKMMDMXY,AN00014812,TRUE
HBCC-1615,HBCC,7,snATAC,HLF5JDMXY,AN00014812,TRUE
HBCC-1615,HBCC,7,snRNA,H7TJWDSX7,AN00014813,TRUE
HBCC-1644,HBCC,8,snATAC,HLVGTDMXY,AN00014985,TRUE
HBCC-1644,HBCC,8,snATAC,HLVJNDMXY,AN00014985,TRUE
HBCC-1644,HBCC,8,snRNA,H7W73DSX7,AN00014986,TRUE
HBCC-1644,HBCC,10,snATAC,HM2CTDMXY,AN00016884,FALSE
HBCC-1644,HBCC,10,snATAC,HNGFMDMXY,AN00016884,FALSE
HBCC-1644,HBCC,10,snRNA,HTNGNDSX7,AN00016885,FALSE
HBCC-1644,HBCC,10,snRNA,HW2LNDSX7,AN00016885,FALSE
HBCC-1691,HBCC,6,snATAC,HK7F7DMXY,AN00014456,FALSE
HBCC-1691,HBCC,6,snATAC,HKLKJDMXY,AN00014456,FALSE
HBCC-1691,HBCC,6,snRNA,HY23VDSX5,AN00014457,FALSE
HBCC-1691,HBCC,10,snATAC,HM2CTDMXY,AN00016884,TRUE
HBCC-1691,HBCC,10,snATAC,HNGFMDMXY,AN00016884,TRUE
HBCC-1691,HBCC,10,snRNA,HTNGNDSX7,AN00016885,TRUE
HBCC-1691,HBCC,10,snRNA,HW2LNDSX7,AN00016885,TRUE
HBCC-1722,HBCC,7,snATAC,HKKMMDMXY,AN00014812,TRUE
HBCC-1722,HBCC,7,snATAC,HLF5JDMXY,AN00014812,TRUE
HBCC-1722,HBCC,7,snRNA,H7TJWDSX7,AN00014813,TRUE
HBCC-1745,HBCC,7,snATAC,HKKMMDMXY,AN00014812,TRUE
HBCC-1745,HBCC,7,snATAC,HLF5JDMXY,AN00014812,TRUE
HBCC-1745,HBCC,7,snRNA,H7TJWDSX7,AN00014813,TRUE
HBCC-1883,HBCC,6,snATAC,HK7F7DMXY,AN00014456,FALSE
HBCC-1883,HBCC,6,snATAC,HKLKJDMXY,AN00014456,FALSE
HBCC-1883,HBCC,6,snRNA,HY23VDSX5,AN00014457,FALSE
HBCC-1883,HBCC,10,snATAC,HM2CTDMXY,AN00016884,TRUE
HBCC-1883,HBCC,10,snATAC,HNGFMDMXY,AN00016884,TRUE
HBCC-1883,HBCC,10,snRNA,HTNGNDSX7,AN00016885,TRUE
HBCC-1883,HBCC,10,snRNA,HW2LNDSX7,AN00016885,TRUE
HBCC-1884,HBCC,6,snATAC,HK7F7DMXY,AN00014456,TRUE
HBCC-1884,HBCC,6,snATAC,HKLKJDMXY,AN00014456,TRUE
HBCC-1884,HBCC,6,snRNA,HY23VDSX5,AN00014457,TRUE
HBCC-1898,HBCC,9,snATAC,HLVM5DMXY,AN00015125,TRUE
HBCC-1898,HBCC,9,snATAC,HLVTHDMXY,AN00015125,TRUE
HBCC-1898,HBCC,9,snRNA,H7WGLDSX7,AN00015126,TRUE
HBCC-1905,HBCC,6,snATAC,HK7F7DMXY,AN00014456,FALSE
HBCC-1905,HBCC,6,snATAC,HKLKJDMXY,AN00014456,FALSE
HBCC-1905,HBCC,6,snRNA,HY23VDSX5,AN00014457,FALSE
HBCC-1905,HBCC,10,snATAC,HM2CTDMXY,AN00016884,TRUE
HBCC-1905,HBCC,10,snATAC,HNGFMDMXY,AN00016884,TRUE
HBCC-1905,HBCC,10,snRNA,HTNGNDSX7,AN00016885,TRUE
HBCC-1905,HBCC,10,snRNA,HW2LNDSX7,AN00016885,TRUE
HBCC-1908,HBCC,9,snATAC,HLVM5DMXY,AN00015125,TRUE
HBCC-1908,HBCC,9,snATAC,HLVTHDMXY,AN00015125,TRUE
HBCC-1908,HBCC,9,snRNA,H7WGLDSX7,AN00015126,TRUE
HBCC-1918,HBCC,6,snATAC,HK7F7DMXY,AN00014456,FALSE
HBCC-1918,HBCC,6,snATAC,HKLKJDMXY,AN00014456,FALSE
HBCC-1918,HBCC,6,snRNA,HY23VDSX5,AN00014457,FALSE
HBCC-1918,HBCC,10,snATAC,HM2CTDMXY,AN00016884,TRUE
HBCC-1918,HBCC,10,snATAC,HNGFMDMXY,AN00016884,TRUE
HBCC-1918,HBCC,10,snRNA,HTNGNDSX7,AN00016885,TRUE
HBCC-1918,HBCC,10,snRNA,HW2LNDSX7,AN00016885,TRUE
HBCC-1927,HBCC,6,snATAC,HK7F7DMXY,AN00014456,TRUE
HBCC-1927,HBCC,6,snATAC,HKLKJDMXY,AN00014456,TRUE
HBCC-1927,HBCC,6,snRNA,HY23VDSX5,AN00014457,TRUE
HBCC-1974,HBCC,6,snATAC,HK7F7DMXY,AN00014456,FALSE
HBCC-1974,HBCC,6,snATAC,HKLKJDMXY,AN00014456,FALSE
HBCC-1974,HBCC,6,snRNA,HY23VDSX5,AN00014457,FALSE
HBCC-1974,HBCC,10,snATAC,HM2CTDMXY,AN00016884,TRUE
HBCC-1974,HBCC,10,snATAC,HNGFMDMXY,AN00016884,TRUE
HBCC-1974,HBCC,10,snRNA,HTNGNDSX7,AN00016885,TRUE
HBCC-1974,HBCC,10,snRNA,HW2LNDSX7,AN00016885,TRUE
HBCC-2003,HBCC,9,snATAC,HLVM5DMXY,AN00015125,TRUE
HBCC-2003,HBCC,9,snATAC,HLVTHDMXY,AN00015125,TRUE
HBCC-2003,HBCC,9,snRNA,H7WGLDSX7,AN00015126,TRUE
HBCC-2046,HBCC,9,snATAC,HLVM5DMXY,AN00015125,TRUE
HBCC-2046,HBCC,9,snATAC,HLVTHDMXY,AN00015125,TRUE
HBCC-2046,HBCC,9,snRNA,H7WGLDSX7,AN00015126,TRUE
HBCC-2053,HBCC,7,snATAC,HKKMMDMXY,AN00014812,TRUE
HBCC-2053,HBCC,7,snATAC,HLF5JDMXY,AN00014812,TRUE
HBCC-2053,HBCC,7,snRNA,H7TJWDSX7,AN00014813,TRUE
HBCC-2064,HBCC,9,snATAC,HLVM5DMXY,AN00015125,TRUE
HBCC-2064,HBCC,9,snATAC,HLVTHDMXY,AN00015125,TRUE
HBCC-2064,HBCC,9,snRNA,H7WGLDSX7,AN00015126,TRUE
HBCC-2074,HBCC,7,snATAC,HKKMMDMXY,AN00014812,TRUE
HBCC-2074,HBCC,7,snATAC,HLF5JDMXY,AN00014812,TRUE
HBCC-2074,HBCC,7,snRNA,H7TJWDSX7,AN00014813,TRUE
HBCC-2076,HBCC,7,snATAC,HKKMMDMXY,AN00014812,TRUE
HBCC-2076,HBCC,7,snATAC,HLF5JDMXY,AN00014812,TRUE
HBCC-2076,HBCC,7,snRNA,H7TJWDSX7,AN00014813,TRUE
HBCC-2263,HBCC,9,snATAC,HLVM5DMXY,AN00015125,FALSE
HBCC-2263,HBCC,9,snATAC,HLVTHDMXY,AN00015125,FALSE
HBCC-2263,HBCC,9,snRNA,H7WGLDSX7,AN00015126,FALSE
HBCC-2263,HBCC,10,snATAC,HM2CTDMXY,AN00016884,TRUE
HBCC-2263,HBCC,10,snATAC,HNGFMDMXY,AN00016884,TRUE
HBCC-2263,HBCC,10,snRNA,HTNGNDSX7,AN00016885,TRUE
HBCC-2263,HBCC,10,snRNA,HW2LNDSX7,AN00016885,TRUE
HBCC-2267,HBCC,7,snATAC,HKKMMDMXY,AN00014812,FALSE
HBCC-2267,HBCC,7,snATAC,HLF5JDMXY,AN00014812,FALSE
HBCC-2267,HBCC,7,snRNA,H7TJWDSX7,AN00014813,FALSE
HBCC-2267,HBCC,10,snATAC,HM2CTDMXY,AN00016884,TRUE
HBCC-2267,HBCC,10,snATAC,HNGFMDMXY,AN00016884,TRUE
HBCC-2267,HBCC,10,snRNA,HTNGNDSX7,AN00016885,TRUE
HBCC-2267,HBCC,10,snRNA,HW2LNDSX7,AN00016885,TRUE
HBCC-2287,HBCC,8,snATAC,HLVGTDMXY,AN00014985,TRUE
HBCC-2287,HBCC,8,snATAC,HLVJNDMXY,AN00014985,TRUE
HBCC-2287,HBCC,8,snRNA,H7W73DSX7,AN00014986,TRUE
HBCC-2303,HBCC,9,snATAC,HLVM5DMXY,AN00015125,TRUE
HBCC-2303,HBCC,9,snATAC,HLVTHDMXY,AN00015125,TRUE
HBCC-2303,HBCC,9,snRNA,H7WGLDSX7,AN00015126,TRUE
HBCC-2304,HBCC,8,snATAC,HLVGTDMXY,AN00014985,TRUE
HBCC-2304,HBCC,8,snATAC,HLVJNDMXY,AN00014985,TRUE
HBCC-2304,HBCC,8,snRNA,H7W73DSX7,AN00014986,TRUE
HBCC-2305,HBCC,6,snATAC,HK7F7DMXY,AN00014456,TRUE
HBCC-2305,HBCC,6,snATAC,HKLKJDMXY,AN00014456,TRUE
HBCC-2305,HBCC,6,snRNA,HY23VDSX5,AN00014457,TRUE
HBCC-2377,HBCC,8,snATAC,HLVGTDMXY,AN00014985,TRUE
HBCC-2377,HBCC,8,snATAC,HLVJNDMXY,AN00014985,TRUE
HBCC-2377,HBCC,8,snRNA,H7W73DSX7,AN00014986,TRUE
HBCC-2420,HBCC,6,snATAC,HK7F7DMXY,AN00014456,TRUE
HBCC-2420,HBCC,6,snATAC,HKLKJDMXY,AN00014456,TRUE
HBCC-2420,HBCC,6,snRNA,HY23VDSX5,AN00014457,TRUE
HBCC-2429,HBCC,8,snATAC,HLVGTDMXY,AN00014985,TRUE
HBCC-2429,HBCC,8,snATAC,HLVJNDMXY,AN00014985,TRUE
HBCC-2429,HBCC,8,snRNA,H7W73DSX7,AN00014986,TRUE
HBCC-2453,HBCC,7,snATAC,HKKMMDMXY,AN00014812,TRUE
HBCC-2453,HBCC,7,snATAC,HLF5JDMXY,AN00014812,TRUE
HBCC-2453,HBCC,7,snRNA,H7TJWDSX7,AN00014813,TRUE
HBCC-2513,HBCC,8,snATAC,HLVGTDMXY,AN00014985,TRUE
HBCC-2513,HBCC,8,snATAC,HLVJNDMXY,AN00014985,TRUE
HBCC-2513,HBCC,8,snRNA,H7W73DSX7,AN00014986,TRUE
HBCC-2539,HBCC,7,snATAC,HKKMMDMXY,AN00014812,TRUE
HBCC-2539,HBCC,7,snATAC,HLF5JDMXY,AN00014812,TRUE
HBCC-2539,HBCC,7,snRNA,H7TJWDSX7,AN00014813,TRUE
HBCC-2543,HBCC,8,snATAC,HLVGTDMXY,AN00014985,TRUE
HBCC-2543,HBCC,8,snATAC,HLVJNDMXY,AN00014985,TRUE
HBCC-2543,HBCC,8,snRNA,H7W73DSX7,AN00014986,TRUE
HBCC-2552,HBCC,8,snATAC,HLVGTDMXY,AN00014985,TRUE
HBCC-2552,HBCC,8,snATAC,HLVJNDMXY,AN00014985,TRUE
HBCC-2552,HBCC,8,snRNA,H7W73DSX7,AN00014986,TRUE
HBCC-2569,HBCC,7,snATAC,HKKMMDMXY,AN00014812,TRUE
HBCC-2569,HBCC,7,snATAC,HLF5JDMXY,AN00014812,TRUE
HBCC-2569,HBCC,7,snRNA,H7TJWDSX7,AN00014813,TRUE
HBCC-2575,HBCC,8,snATAC,HLVGTDMXY,AN00014985,TRUE
HBCC-2575,HBCC,8,snATAC,HLVJNDMXY,AN00014985,TRUE
HBCC-2575,HBCC,8,snRNA,H7W73DSX7,AN00014986,TRUE
HBCC-2587,HBCC,8,snATAC,HLVGTDMXY,AN00014985,TRUE
HBCC-2587,HBCC,8,snATAC,HLVJNDMXY,AN00014985,TRUE
HBCC-2587,HBCC,8,snRNA,H7W73DSX7,AN00014986,TRUE
HBCC-2605,HBCC,9,snATAC,HLVM5DMXY,AN00015125,TRUE
HBCC-2605,HBCC,9,snATAC,HLVTHDMXY,AN00015125,TRUE
HBCC-2605,HBCC,9,snRNA,H7WGLDSX7,AN00015126,TRUE
HBCC-2623,HBCC,8,snATAC,HLVGTDMXY,AN00014985,TRUE
HBCC-2623,HBCC,8,snATAC,HLVJNDMXY,AN00014985,TRUE
HBCC-2623,HBCC,8,snRNA,H7W73DSX7,AN00014986,TRUE
HBCC-2628,HBCC,6,snATAC,HK7F7DMXY,AN00014456,TRUE
HBCC-2628,HBCC,6,snATAC,HKLKJDMXY,AN00014456,TRUE
HBCC-2628,HBCC,6,snRNA,HY23VDSX5,AN00014457,TRUE
HBCC-2636,HBCC,7,snATAC,HKKMMDMXY,AN00014812,TRUE
HBCC-2636,HBCC,7,snATAC,HLF5JDMXY,AN00014812,TRUE
HBCC-2636,HBCC,7,snRNA,H7TJWDSX7,AN00014813,TRUE
HBCC-2703,HBCC,9,snATAC,HLVM5DMXY,AN00015125,TRUE
HBCC-2703,HBCC,9,snATAC,HLVTHDMXY,AN00015125,TRUE
HBCC-2703,HBCC,9,snRNA,H7WGLDSX7,AN00015126,TRUE
HBCC-2746,HBCC,8,snATAC,HLVGTDMXY,AN00014985,FALSE
HBCC-2746,HBCC,8,snATAC,HLVJNDMXY,AN00014985,FALSE
HBCC-2746,HBCC,8,snRNA,H7W73DSX7,AN00014986,FALSE
HBCC-2746,HBCC,10,snATAC,HM2CTDMXY,AN00016884,TRUE
HBCC-2746,HBCC,10,snATAC,HNGFMDMXY,AN00016884,TRUE
HBCC-2746,HBCC,10,snRNA,HTNGNDSX7,AN00016885,TRUE
HBCC-2746,HBCC,10,snRNA,HW2LNDSX7,AN00016885,TRUE
HBCC-2756,HBCC,7,snATAC,HKKMMDMXY,AN00014812,TRUE
HBCC-2756,HBCC,7,snATAC,HLF5JDMXY,AN00014812,TRUE
HBCC-2756,HBCC,7,snRNA,H7TJWDSX7,AN00014813,TRUE
HBCC-2781,HBCC,7,snATAC,HKKMMDMXY,AN00014812,TRUE
HBCC-2781,HBCC,7,snATAC,HLF5JDMXY,AN00014812,TRUE
HBCC-2781,HBCC,7,snRNA,H7TJWDSX7,AN00014813,TRUE
HBCC-2790,HBCC,7,snATAC,HKKMMDMXY,AN00014812,TRUE
HBCC-2790,HBCC,7,snATAC,HLF5JDMXY,AN00014812,TRUE
HBCC-2790,HBCC,7,snRNA,H7TJWDSX7,AN00014813,TRUE
HBCC-2860,HBCC,6,snATAC,HK7F7DMXY,AN00014456,FALSE
HBCC-2860,HBCC,6,snATAC,HKLKJDMXY,AN00014456,FALSE
HBCC-2860,HBCC,6,snRNA,HY23VDSX5,AN00014457,FALSE
HBCC-2860,HBCC,10,snATAC,HM2CTDMXY,AN00016884,TRUE
HBCC-2860,HBCC,10,snATAC,HNGFMDMXY,AN00016884,TRUE
HBCC-2860,HBCC,10,snRNA,HTNGNDSX7,AN00016885,TRUE
HBCC-2860,HBCC,10,snRNA,HW2LNDSX7,AN00016885,TRUE
HBCC-2927,HBCC,7,snATAC,HKKMMDMXY,AN00014812,TRUE
HBCC-2927,HBCC,7,snATAC,HLF5JDMXY,AN00014812,TRUE
HBCC-2927,HBCC,7,snRNA,H7TJWDSX7,AN00014813,TRUE
HBCC-2936,HBCC,7,snATAC,HKKMMDMXY,AN00014812,TRUE
HBCC-2936,HBCC,7,snATAC,HLF5JDMXY,AN00014812,TRUE
HBCC-2936,HBCC,7,snRNA,H7TJWDSX7,AN00014813,TRUE
HBCC-2943,HBCC,6,snATAC,HK7F7DMXY,AN00014456,FALSE
HBCC-2943,HBCC,6,snATAC,HKLKJDMXY,AN00014456,FALSE
HBCC-2943,HBCC,6,snRNA,HY23VDSX5,AN00014457,FALSE
HBCC-2943,HBCC,9,snATAC,HLVM5DMXY,AN00015125,TRUE
HBCC-2943,HBCC,9,snATAC,HLVTHDMXY,AN00015125,TRUE
HBCC-2943,HBCC,9,snRNA,H7WGLDSX7,AN00015126,TRUE
HBCC-2955,HBCC,9,snATAC,HLVM5DMXY,AN00015125,TRUE
HBCC-2955,HBCC,9,snATAC,HLVTHDMXY,AN00015125,TRUE
HBCC-2955,HBCC,9,snRNA,H7WGLDSX7,AN00015126,TRUE
HBCC-2998,HBCC,9,snATAC,HLVM5DMXY,AN00015125,TRUE
HBCC-2998,HBCC,9,snATAC,HLVTHDMXY,AN00015125,TRUE
HBCC-2998,HBCC,9,snRNA,H7WGLDSX7,AN00015126,TRUE
HBCC-2998,HBCC,10,snATAC,HM2CTDMXY,AN00016884,FALSE
HBCC-2998,HBCC,10,snATAC,HNGFMDMXY,AN00016884,FALSE
HBCC-2998,HBCC,10,snRNA,HTNGNDSX7,AN00016885,FALSE
HBCC-2998,HBCC,10,snRNA,HW2LNDSX7,AN00016885,FALSE
HBCC-3029,HBCC,9,snATAC,HLVM5DMXY,AN00015125,TRUE
HBCC-3029,HBCC,9,snATAC,HLVTHDMXY,AN00015125,TRUE
HBCC-3029,HBCC,9,snRNA,H7WGLDSX7,AN00015126,TRUE
HBCC-3081,HBCC,6,snATAC,HK7F7DMXY,AN00014456,TRUE
HBCC-3081,HBCC,6,snATAC,HKLKJDMXY,AN00014456,TRUE
HBCC-3081,HBCC,6,snRNA,HY23VDSX5,AN00014457,TRUE
HBCC-3095,HBCC,6,snATAC,HK7F7DMXY,AN00014456,FALSE
HBCC-3095,HBCC,6,snATAC,HKLKJDMXY,AN00014456,FALSE
HBCC-3095,HBCC,6,snRNA,HY23VDSX5,AN00014457,FALSE
HBCC-3095,HBCC,10,snATAC,HM2CTDMXY,AN00016884,TRUE
HBCC-3095,HBCC,10,snATAC,HNGFMDMXY,AN00016884,TRUE
HBCC-3095,HBCC,10,snRNA,HTNGNDSX7,AN00016885,TRUE
HBCC-3095,HBCC,10,snRNA,HW2LNDSX7,AN00016885,TRUE
HBCC-823,HBCC,9,snATAC,HLVM5DMXY,AN00015125,FALSE
HBCC-823,HBCC,9,snATAC,HLVTHDMXY,AN00015125,FALSE
HBCC-823,HBCC,9,snRNA,H7WGLDSX7,AN00015126,FALSE
HBCC-823,HBCC,10,snATAC,HM2CTDMXY,AN00016884,TRUE
HBCC-823,HBCC,10,snATAC,HNGFMDMXY,AN00016884,TRUE
HBCC-823,HBCC,10,snRNA,HTNGNDSX7,AN00016885,TRUE
HBCC-823,HBCC,10,snRNA,HW2LNDSX7,AN00016885,TRUE
HBCC-831,HBCC,8,snATAC,HLVGTDMXY,AN00014985,TRUE
HBCC-831,HBCC,8,snATAC,HLVJNDMXY,AN00014985,TRUE
HBCC-831,HBCC,8,snRNA,H7W73DSX7,AN00014986,TRUE
HBCC-845,HBCC,9,snATAC,HLVM5DMXY,AN00015125,TRUE
HBCC-845,HBCC,9,snATAC,HLVTHDMXY,AN00015125,TRUE
HBCC-845,HBCC,9,snRNA,H7WGLDSX7,AN00015126,TRUE
HBCC-846,HBCC,9,snATAC,HLVM5DMXY,AN00015125,TRUE
HBCC-846,HBCC,9,snATAC,HLVTHDMXY,AN00015125,TRUE
HBCC-846,HBCC,9,snRNA,H7WGLDSX7,AN00015126,TRUE
HBCC-852,HBCC,9,snATAC,HLVM5DMXY,AN00015125,TRUE
HBCC-852,HBCC,9,snATAC,HLVTHDMXY,AN00015125,TRUE
HBCC-852,HBCC,9,snRNA,H7WGLDSX7,AN00015126,TRUE
HBCC-859,HBCC,10,snATAC,HM2CTDMXY,AN00016884,TRUE
HBCC-859,HBCC,10,snATAC,HNGFMDMXY,AN00016884,TRUE
HBCC-859,HBCC,10,snRNA,HTNGNDSX7,AN00016885,TRUE
HBCC-859,HBCC,10,snRNA,HW2LNDSX7,AN00016885,TRUE
HBCC-863,HBCC,7,snATAC,HKKMMDMXY,AN00014812,TRUE
HBCC-863,HBCC,7,snATAC,HLF5JDMXY,AN00014812,TRUE
HBCC-863,HBCC,7,snRNA,H7TJWDSX7,AN00014813,TRUE
HBCC-885,HBCC,6,snATAC,HK7F7DMXY,AN00014456,TRUE
HBCC-885,HBCC,6,snATAC,HKLKJDMXY,AN00014456,TRUE
HBCC-885,HBCC,6,snRNA,HY23VDSX5,AN00014457,TRUE
HBCC-887,HBCC,7,snATAC,HKKMMDMXY,AN00014812,FALSE
HBCC-887,HBCC,7,snATAC,HLF5JDMXY,AN00014812,FALSE
HBCC-887,HBCC,7,snRNA,H7TJWDSX7,AN00014813,FALSE
HBCC-887,HBCC,10,snATAC,HM2CTDMXY,AN00016884,TRUE
HBCC-887,HBCC,10,snATAC,HNGFMDMXY,AN00016884,TRUE
HBCC-887,HBCC,10,snRNA,HLTHVDSX7,AN00016354,TRUE
HBCC-887,HBCC,10,snRNA,HNCYWDSX7,AN00016354,TRUE
HBCC-887,HBCC,10,snRNA,HNGGGDSX7,AN00016354,TRUE
HBCC-890,HBCC,8,snATAC,HLVGTDMXY,AN00014985,FALSE
HBCC-890,HBCC,8,snATAC,HLVJNDMXY,AN00014985,FALSE
HBCC-890,HBCC,8,snRNA,H7W73DSX7,AN00014986,FALSE
HBCC-890,HBCC,10,snATAC,HM2CTDMXY,AN00016884,TRUE
HBCC-890,HBCC,10,snATAC,HNGFMDMXY,AN00016884,TRUE
HBCC-890,HBCC,10,snRNA,HTNGNDSX7,AN00016885,TRUE
HBCC-890,HBCC,10,snRNA,HW2LNDSX7,AN00016885,TRUE
HBCC-894,HBCC,6,snATAC,HK7F7DMXY,AN00014456,TRUE
HBCC-894,HBCC,6,snATAC,HKLKJDMXY,AN00014456,TRUE
HBCC-894,HBCC,6,snRNA,HY23VDSX5,AN00014457,TRUE
HBCC-909,HBCC,9,snATAC,HLVM5DMXY,AN00015125,TRUE
HBCC-909,HBCC,9,snATAC,HLVTHDMXY,AN00015125,TRUE
HBCC-909,HBCC,9,snRNA,H7WGLDSX7,AN00015126,TRUE
HBCC-910,HBCC,9,snATAC,HLVM5DMXY,AN00015125,TRUE
HBCC-910,HBCC,9,snATAC,HLVTHDMXY,AN00015125,TRUE
HBCC-910,HBCC,9,snRNA,H7WGLDSX7,AN00015126,TRUE
HBCC-913,HBCC,8,snATAC,HLVGTDMXY,AN00014985,TRUE
HBCC-913,HBCC,8,snATAC,HLVJNDMXY,AN00014985,TRUE
HBCC-913,HBCC,8,snRNA,H7W73DSX7,AN00014986,TRUE
HBCC-913,HBCC,10,snATAC,HM2CTDMXY,AN00016884,FALSE
HBCC-913,HBCC,10,snATAC,HNGFMDMXY,AN00016884,FALSE
HBCC-913,HBCC,10,snRNA,HTNGNDSX7,AN00016885,FALSE
HBCC-913,HBCC,10,snRNA,HW2LNDSX7,AN00016885,FALSE
HBCC-914,HBCC,9,snATAC,HLVM5DMXY,AN00015125,TRUE
HBCC-914,HBCC,9,snATAC,HLVTHDMXY,AN00015125,TRUE
HBCC-914,HBCC,9,snRNA,H7WGLDSX7,AN00015126,TRUE
HBCC-924,HBCC,6,snATAC,HK7F7DMXY,AN00014456,TRUE
HBCC-924,HBCC,6,snATAC,HKLKJDMXY,AN00014456,TRUE
HBCC-924,HBCC,6,snRNA,HY23VDSX5,AN00014457,TRUE
HBCC-926,HBCC,9,snATAC,HLVM5DMXY,AN00015125,TRUE
HBCC-926,HBCC,9,snATAC,HLVTHDMXY,AN00015125,TRUE
HBCC-926,HBCC,9,snRNA,H7WGLDSX7,AN00015126,TRUE
HBCC-928,HBCC,9,snATAC,HLVM5DMXY,AN00015125,TRUE
HBCC-928,HBCC,9,snATAC,HLVTHDMXY,AN00015125,TRUE
HBCC-928,HBCC,9,snRNA,H7WGLDSX7,AN00015126,TRUE
HBCC-939,HBCC,7,snATAC,HKKMMDMXY,AN00014812,TRUE
HBCC-939,HBCC,7,snATAC,HLF5JDMXY,AN00014812,TRUE
HBCC-939,HBCC,7,snRNA,H7TJWDSX7,AN00014813,TRUE
HBCC-943,HBCC,6,snATAC,HK7F7DMXY,AN00014456,FALSE
HBCC-943,HBCC,6,snATAC,HKLKJDMXY,AN00014456,FALSE
HBCC-943,HBCC,6,snRNA,HY23VDSX5,AN00014457,FALSE
HBCC-946,HBCC,6,snATAC,HK7F7DMXY,AN00014456,TRUE
HBCC-946,HBCC,6,snATAC,HKLKJDMXY,AN00014456,TRUE
HBCC-946,HBCC,6,snRNA,HY23VDSX5,AN00014457,TRUE
HBCC-959,HBCC,9,snATAC,HLVM5DMXY,AN00015125,TRUE
HBCC-959,HBCC,9,snATAC,HLVTHDMXY,AN00015125,TRUE
HBCC-959,HBCC,9,snRNA,H7WGLDSX7,AN00015126,TRUE
HBCC-972,HBCC,8,snATAC,HLVGTDMXY,AN00014985,FALSE
HBCC-972,HBCC,8,snATAC,HLVJNDMXY,AN00014985,FALSE
HBCC-972,HBCC,8,snRNA,H7W73DSX7,AN00014986,FALSE
HBCC-972,HBCC,10,snATAC,HM2CTDMXY,AN00016884,TRUE
HBCC-972,HBCC,10,snATAC,HNGFMDMXY,AN00016884,TRUE
HBCC-972,HBCC,10,snRNA,HTNGNDSX7,AN00016885,TRUE
HBCC-972,HBCC,10,snRNA,HW2LNDSX7,AN00016885,TRUE
HBCC-973,HBCC,9,snATAC,HLVM5DMXY,AN00015125,TRUE
HBCC-973,HBCC,9,snATAC,HLVTHDMXY,AN00015125,TRUE
HBCC-973,HBCC,9,snRNA,H7WGLDSX7,AN00015126,TRUE
HBCC-977,HBCC,8,snATAC,HLVGTDMXY,AN00014985,TRUE
HBCC-977,HBCC,8,snATAC,HLVJNDMXY,AN00014985,TRUE
HBCC-977,HBCC,8,snRNA,H7W73DSX7,AN00014986,TRUE
HBCC-991,HBCC,8,snATAC,HLVGTDMXY,AN00014985,TRUE
HBCC-991,HBCC,8,snATAC,HLVJNDMXY,AN00014985,TRUE
HBCC-991,HBCC,8,snRNA,H7W73DSX7,AN00014986,TRUE
HBCC-993,HBCC,8,snATAC,HLVGTDMXY,AN00014985,TRUE
HBCC-993,HBCC,8,snATAC,HLVJNDMXY,AN00014985,TRUE
HBCC-993,HBCC,8,snRNA,H7W73DSX7,AN00014986,TRUE
KEN-1066,NABEC,5,snATAC,HK235DMXY,AN00013895,TRUE
KEN-1066,NABEC,5,snATAC,HKGC2DMXY,AN00013895,TRUE
KEN-1066,NABEC,5,snRNA,HTWNHDSX5,AN00013896,TRUE
KEN-1069,NABEC,1,snATAC,HJ2N2DMXY,AN00013175,TRUE
KEN-1069,NABEC,1,snATAC,HJ73CDMXY,AN00013175,TRUE
KEN-1069,NABEC,1,snRNA,HL7YMDSX5,AN00013174,TRUE
KEN-1070,NABEC,1,snATAC,HJ2N2DMXY,AN00013175,TRUE
KEN-1070,NABEC,1,snATAC,HJ73CDMXY,AN00013175,TRUE
KEN-1070,NABEC,1,snRNA,HL7YMDSX5,AN00013174,TRUE
KEN-1092,NABEC,1,snATAC,HJ2N2DMXY,AN00013175,TRUE
KEN-1092,NABEC,1,snATAC,HJ73CDMXY,AN00013175,TRUE
KEN-1092,NABEC,1,snRNA,HL7YMDSX5,AN00013174,TRUE
KEN-1095,NABEC,1,snATAC,HJ2N2DMXY,AN00013175,TRUE
KEN-1095,NABEC,1,snATAC,HJ73CDMXY,AN00013175,TRUE
KEN-1095,NABEC,1,snRNA,HL7YMDSX5,AN00013174,TRUE
KEN-1106,NABEC,1,snATAC,HJ2N2DMXY,AN00013175,TRUE
KEN-1106,NABEC,1,snATAC,HJ73CDMXY,AN00013175,TRUE
KEN-1106,NABEC,1,snRNA,HL7YMDSX5,AN00013174,TRUE
KEN-1127,NABEC,1,snATAC,HJ2N2DMXY,AN00013175,TRUE
KEN-1127,NABEC,1,snATAC,HJ73CDMXY,AN00013175,TRUE
KEN-1127,NABEC,1,snRNA,HL7YMDSX5,AN00013174,TRUE
KEN-1131,NABEC,1,snATAC,HJ2N2DMXY,AN00013175,TRUE
KEN-1131,NABEC,1,snATAC,HJ73CDMXY,AN00013175,TRUE
KEN-1131,NABEC,1,snRNA,HL7YMDSX5,AN00013174,TRUE
KEN-1132,NABEC,1,snATAC,HJ2N2DMXY,AN00013175,TRUE
KEN-1132,NABEC,1,snATAC,HJ73CDMXY,AN00013175,TRUE
KEN-1132,NABEC,1,snRNA,HL7YMDSX5,AN00013174,TRUE
KEN-1142,NABEC,1,snATAC,HJ2N2DMXY,AN00013175,TRUE
KEN-1142,NABEC,1,snATAC,HJ73CDMXY,AN00013175,TRUE
KEN-1142,NABEC,1,snRNA,HL7YMDSX5,AN00013174,TRUE
KEN-1153,NABEC,1,snATAC,HJ2N2DMXY,AN00013175,TRUE
KEN-1153,NABEC,1,snATAC,HJ73CDMXY,AN00013175,TRUE
KEN-1153,NABEC,1,snRNA,HL7YMDSX5,AN00013174,TRUE
KEN-1156,NABEC,1,snATAC,HJ2N2DMXY,AN00013175,TRUE
KEN-1156,NABEC,1,snATAC,HJ73CDMXY,AN00013175,TRUE
KEN-1156,NABEC,1,snRNA,HL7YMDSX5,AN00013174,TRUE
KEN-1159,NABEC,1,snATAC,HJ2N2DMXY,AN00013175,TRUE
KEN-1159,NABEC,1,snATAC,HJ73CDMXY,AN00013175,TRUE
KEN-1159,NABEC,1,snRNA,HL7YMDSX5,AN00013174,TRUE
KEN-1163,NABEC,1,snATAC,HJ2N2DMXY,AN00013175,TRUE
KEN-1163,NABEC,1,snATAC,HJ73CDMXY,AN00013175,TRUE
KEN-1163,NABEC,1,snRNA,HL7YMDSX5,AN00013174,TRUE
KEN-1177,NABEC,1,snATAC,HJ2N2DMXY,AN00013175,TRUE
KEN-1177,NABEC,1,snATAC,HJ73CDMXY,AN00013175,TRUE
KEN-1177,NABEC,1,snRNA,HL7YMDSX5,AN00013174,TRUE
KEN-1184,NABEC,1,snATAC,HJ2N2DMXY,AN00013175,TRUE
KEN-1184,NABEC,1,snATAC,HJ73CDMXY,AN00013175,TRUE
KEN-1184,NABEC,1,snRNA,HL7YMDSX5,AN00013174,TRUE
KEN-1206,NABEC,2,snATAC,HJNTLDMXY,AN00013413,TRUE
KEN-1206,NABEC,2,snATAC,HJNTMDMXY,AN00013413,TRUE
KEN-1206,NABEC,2,snRNA,HTWVGDSX5,AN00013415,TRUE
KEN-1221,NABEC,2,snATAC,HJNTLDMXY,AN00013413,TRUE
KEN-1221,NABEC,2,snATAC,HJNTMDMXY,AN00013413,TRUE
KEN-1221,NABEC,2,snRNA,HTWVGDSX5,AN00013415,TRUE
KEN-1224,NABEC,2,snATAC,HJNTLDMXY,AN00013413,FALSE
KEN-1224,NABEC,2,snATAC,HJNTMDMXY,AN00013413,FALSE
KEN-1224,NABEC,2,snRNA,HTWVGDSX5,AN00013415,FALSE
KEN-1224,NABEC,5,snATAC,HK235DMXY,AN00013895,TRUE
KEN-1224,NABEC,5,snATAC,HKGC2DMXY,AN00013895,TRUE
KEN-1224,NABEC,5,snRNA,HTWNHDSX5,AN00013896,TRUE
KEN-1229,NABEC,2,snATAC,HJNTLDMXY,AN00013413,TRUE
KEN-1229,NABEC,2,snATAC,HJNTMDMXY,AN00013413,TRUE
KEN-1229,NABEC,2,snRNA,HTWVGDSX5,AN00013415,TRUE
KEN-1245,NABEC,2,snATAC,HJNTLDMXY,AN00013413,TRUE
KEN-1245,NABEC,2,snATAC,HJNTMDMXY,AN00013413,TRUE
KEN-1245,NABEC,2,snRNA,HTWVGDSX5,AN00013415,TRUE
KEN-5015,NABEC,2,snATAC,HJNTLDMXY,AN00013413,TRUE
KEN-5015,NABEC,2,snATAC,HJNTMDMXY,AN00013413,TRUE
KEN-5015,NABEC,2,snRNA,HTWVGDSX5,AN00013415,TRUE
KEN-5034,NABEC,2,snATAC,HJNTLDMXY,AN00013413,TRUE
KEN-5034,NABEC,2,snATAC,HJNTMDMXY,AN00013413,TRUE
KEN-5034,NABEC,2,snRNA,HTWVGDSX5,AN00013415,TRUE
KEN-5062,NABEC,2,snATAC,HJNTLDMXY,AN00013413,TRUE
KEN-5062,NABEC,2,snATAC,HJNTMDMXY,AN00013413,TRUE
KEN-5062,NABEC,2,snRNA,HTWVGDSX5,AN00013415,TRUE
KEN-5091,NABEC,2,snATAC,HJNTLDMXY,AN00013413,TRUE
KEN-5091,NABEC,2,snATAC,HJNTMDMXY,AN00013413,TRUE
KEN-5091,NABEC,2,snRNA,HTWVGDSX5,AN00013415,TRUE
KEN-5163,NABEC,2,snATAC,HJNTLDMXY,AN00013413,TRUE
KEN-5163,NABEC,2,snATAC,HJNTMDMXY,AN00013413,TRUE
KEN-5163,NABEC,2,snRNA,HTWVGDSX5,AN00013415,TRUE
KEN-845,NABEC,2,snATAC,HJNTLDMXY,AN00013413,TRUE
KEN-845,NABEC,2,snATAC,HJNTMDMXY,AN00013413,TRUE
KEN-845,NABEC,2,snRNA,HTWVGDSX5,AN00013415,TRUE
SH-03-15,NABEC,5,snATAC,HK235DMXY,AN00013895,TRUE
SH-03-15,NABEC,5,snATAC,HKGC2DMXY,AN00013895,TRUE
SH-03-15,NABEC,5,snRNA,HTWNHDSX5,AN00013896,TRUE
SH-04-05,NABEC,5,snATAC,HK235DMXY,AN00013895,TRUE
SH-04-05,NABEC,5,snATAC,HKGC2DMXY,AN00013895,TRUE
SH-04-05,NABEC,5,snRNA,HTWNHDSX5,AN00013896,TRUE
SH-04-08,NABEC,5,snATAC,HK235DMXY,AN00013895,TRUE
SH-04-08,NABEC,5,snATAC,HKGC2DMXY,AN00013895,TRUE
SH-04-08,NABEC,5,snRNA,HTWNHDSX5,AN00013896,TRUE
SH-04-19,NABEC,5,snATAC,HK235DMXY,AN00013895,TRUE
SH-04-19,NABEC,5,snATAC,HKGC2DMXY,AN00013895,TRUE
SH-04-19,NABEC,5,snRNA,HTWNHDSX5,AN00013896,TRUE
SH-04-21,NABEC,1,snATAC,HJ2N2DMXY,AN00013175,TRUE
SH-04-21,NABEC,1,snATAC,HJ73CDMXY,AN00013175,TRUE
SH-04-21,NABEC,1,snRNA,HL7YMDSX5,AN00013174,TRUE
SH-05-10,NABEC,5,snATAC,HK235DMXY,AN00013895,TRUE
SH-05-10,NABEC,5,snATAC,HKGC2DMXY,AN00013895,TRUE
SH-05-10,NABEC,5,snRNA,HTWNHDSX5,AN00013896,TRUE
SH-06-05,NABEC,5,snATAC,HK235DMXY,AN00013895,TRUE
SH-06-05,NABEC,5,snATAC,HKGC2DMXY,AN00013895,TRUE
SH-06-05,NABEC,5,snRNA,HTWNHDSX5,AN00013896,TRUE
SH-06-25,NABEC,5,snATAC,HK235DMXY,AN00013895,TRUE
SH-06-25,NABEC,5,snATAC,HKGC2DMXY,AN00013895,TRUE
SH-06-25,NABEC,5,snRNA,HTWNHDSX5,AN00013896,TRUE
SH-06-66,NABEC,5,snATAC,HK235DMXY,AN00013895,TRUE
SH-06-66,NABEC,5,snATAC,HKGC2DMXY,AN00013895,TRUE
SH-06-66,NABEC,5,snRNA,HTWNHDSX5,AN00013896,TRUE
SH-07-28,NABEC,5,snATAC,HK235DMXY,AN00013895,TRUE
SH-07-28,NABEC,5,snATAC,HKGC2DMXY,AN00013895,TRUE
SH-07-28,NABEC,5,snRNA,HTWNHDSX5,AN00013896,TRUE
SH-07-37,NABEC,5,snATAC,HK235DMXY,AN00013895,TRUE
SH-07-37,NABEC,5,snATAC,HKGC2DMXY,AN00013895,TRUE
SH-07-37,NABEC,5,snRNA,HTWNHDSX5,AN00013896,TRUE
SH-07-46,NABEC,5,snATAC,HK235DMXY,AN00013895,TRUE
SH-07-46,NABEC,5,snATAC,HKGC2DMXY,AN00013895,TRUE
SH-07-46,NABEC,5,snRNA,HTWNHDSX5,AN00013896,TRUE
SH-07-63,NABEC,5,snATAC,HK235DMXY,AN00013895,TRUE
SH-07-63,NABEC,5,snATAC,HKGC2DMXY,AN00013895,TRUE
SH-07-63,NABEC,5,snRNA,HTWNHDSX5,AN00013896,TRUE
SH-08-04,NABEC,5,snATAC,HK235DMXY,AN00013895,TRUE
SH-08-04,NABEC,5,snATAC,HKGC2DMXY,AN00013895,TRUE
SH-08-04,NABEC,5,snRNA,HTWNHDSX5,AN00013896,TRUE
SH-08-23,NABEC,1,snATAC,HJ2N2DMXY,AN00013175,FALSE
SH-08-23,NABEC,1,snATAC,HJ73CDMXY,AN00013175,FALSE
SH-08-23,NABEC,1,snRNA,HL7YMDSX5,AN00013174,FALSE
SH-08-23,NABEC,5,snATAC,HK235DMXY,AN00013895,TRUE
SH-08-23,NABEC,5,snATAC,HKGC2DMXY,AN00013895,TRUE
SH-08-23,NABEC,5,snRNA,HTWNHDSX5,AN00013896,TRUE
SH-92-05,NABEC,5,snATAC,HK235DMXY,AN00013895,TRUE
SH-92-05,NABEC,5,snATAC,HKGC2DMXY,AN00013895,TRUE
SH-92-05,NABEC,5,snRNA,HTWNHDSX5,AN00013896,TRUE
SH-92-14,NABEC,5,snATAC,HK235DMXY,AN00013895,TRUE
SH-92-14,NABEC,5,snATAC,HKGC2DMXY,AN00013895,TRUE
SH-92-14,NABEC,5,snRNA,HTWNHDSX5,AN00013896,TRUE
SH-94-35,NABEC,1,snATAC,HJ2N2DMXY,AN00013175,TRUE
SH-94-35,NABEC,1,snATAC,HJ73CDMXY,AN00013175,TRUE
SH-94-35,NABEC,1,snRNA,HL7YMDSX5,AN00013174,TRUE
SH-95-02,NABEC,5,snATAC,HK235DMXY,AN00013895,TRUE
SH-95-02,NABEC,5,snATAC,HKGC2DMXY,AN00013895,TRUE
SH-95-02,NABEC,5,snRNA,HTWNHDSX5,AN00013896,TRUE
SH-95-34,NABEC,5,snATAC,HK235DMXY,AN00013895,TRUE
SH-95-34,NABEC,5,snATAC,HKGC2DMXY,AN00013895,TRUE
SH-95-34,NABEC,5,snRNA,HTWNHDSX5,AN00013896,TRUE
SH-96-08,NABEC,1,snATAC,HJ2N2DMXY,AN00013175,TRUE
SH-96-08,NABEC,1,snATAC,HJ73CDMXY,AN00013175,TRUE
SH-96-08,NABEC,1,snRNA,HL7YMDSX5,AN00013174,TRUE
SH-96-30,NABEC,1,snATAC,HJ2N2DMXY,AN00013175,TRUE
SH-96-30,NABEC,1,snATAC,HJ73CDMXY,AN00013175,TRUE
SH-96-30,NABEC,1,snRNA,HL7YMDSX5,AN00013174,TRUE
SH-96-32,NABEC,1,snATAC,HJ2N2DMXY,AN00013175,TRUE
SH-96-32,NABEC,1,snATAC,HJ73CDMXY,AN00013175,TRUE
SH-96-32,NABEC,1,snRNA,HL7YMDSX5,AN00013174,TRUE
SH-96-35,NABEC,1,snATAC,HJ2N2DMXY,AN00013175,TRUE
SH-96-35,NABEC,1,snATAC,HJ73CDMXY,AN00013175,TRUE
SH-96-35,NABEC,1,snRNA,HL7YMDSX5,AN00013174,TRUE
SH-96-39,NABEC,1,snATAC,HJ2N2DMXY,AN00013175,TRUE
SH-96-39,NABEC,1,snATAC,HJ73CDMXY,AN00013175,TRUE
SH-96-39,NABEC,1,snRNA,HL7YMDSX5,AN00013174,TRUE
SH-98-23,NABEC,5,snATAC,HK235DMXY,AN00013895,TRUE
SH-98-23,NABEC,5,snATAC,HKGC2DMXY,AN00013895,TRUE
SH-98-23,NABEC,5,snRNA,HTWNHDSX5,AN00013896,TRUE
SH-99-14,NABEC,1,snATAC,HJ2N2DMXY,AN00013175,TRUE
SH-99-14,NABEC,1,snATAC,HJ73CDMXY,AN00013175,TRUE
SH-99-14,NABEC,1,snRNA,HL7YMDSX5,AN00013174,TRUE
SH-99-29,NABEC,1,snATAC,HJ2N2DMXY,AN00013175,TRUE
SH-99-29,NABEC,1,snATAC,HJ73CDMXY,AN00013175,TRUE
SH-99-29,NABEC,1,snRNA,HL7YMDSX5,AN00013174,TRUE
SH-99-44,NABEC,1,snATAC,HJ2N2DMXY,AN00013175,TRUE
SH-99-44,NABEC,1,snATAC,HJ73CDMXY,AN00013175,TRUE
SH-99-44,NABEC,1,snRNA,HL7YMDSX5,AN00013174,TRUE
UMARY-1013,NABEC,1,snATAC,HJ2N2DMXY,AN00013175,TRUE
UMARY-1013,NABEC,1,snATAC,HJ73CDMXY,AN00013175,TRUE
UMARY-1013,NABEC,1,snRNA,HL7YMDSX5,AN00013174,TRUE
UMARY-1027,NABEC,1,snATAC,HJ2N2DMXY,AN00013175,TRUE
UMARY-1027,NABEC,1,snATAC,HJ73CDMXY,AN00013175,TRUE
UMARY-1027,NABEC,1,snRNA,HL7YMDSX5,AN00013174,TRUE
UMARY-1028,NABEC,1,snATAC,HJ2N2DMXY,AN00013175,TRUE
UMARY-1028,NABEC,1,snATAC,HJ73CDMXY,AN00013175,TRUE
UMARY-1028,NABEC,1,snRNA,HL7YMDSX5,AN00013174,TRUE
UMARY-1064,NABEC,1,snATAC,HJ2N2DMXY,AN00013175,FALSE
UMARY-1064,NABEC,1,snATAC,HJ73CDMXY,AN00013175,FALSE
UMARY-1064,NABEC,1,snRNA,HL7YMDSX5,AN00013174,FALSE
UMARY-1064,NABEC,5,snATAC,HK235DMXY,AN00013895,TRUE
UMARY-1064,NABEC,5,snATAC,HKGC2DMXY,AN00013895,TRUE
UMARY-1064,NABEC,5,snRNA,HTWNHDSX5,AN00013896,TRUE
UMARY-1076,NABEC,1,snATAC,HJ2N2DMXY,AN00013175,TRUE
UMARY-1076,NABEC,1,snATAC,HJ73CDMXY,AN00013175,TRUE
UMARY-1076,NABEC,1,snRNA,HL7YMDSX5,AN00013174,TRUE
UMARY-1079,NABEC,1,snATAC,HJ2N2DMXY,AN00013175,TRUE
UMARY-1079,NABEC,1,snATAC,HJ73CDMXY,AN00013175,TRUE
UMARY-1079,NABEC,1,snRNA,HL7YMDSX5,AN00013174,TRUE
UMARY-1101,NABEC,1,snATAC,HJ2N2DMXY,AN00013175,TRUE
UMARY-1101,NABEC,1,snATAC,HJ73CDMXY,AN00013175,TRUE
UMARY-1101,NABEC,1,snRNA,HL7YMDSX5,AN00013174,TRUE
UMARY-1113,NABEC,1,snATAC,HJ2N2DMXY,AN00013175,TRUE
UMARY-1113,NABEC,1,snATAC,HJ73CDMXY,AN00013175,TRUE
UMARY-1113,NABEC,1,snRNA,HL7YMDSX5,AN00013174,TRUE
UMARY-1114,NABEC,1,snATAC,HJ2N2DMXY,AN00013175,TRUE
UMARY-1114,NABEC,1,snATAC,HJ73CDMXY,AN00013175,TRUE
UMARY-1114,NABEC,1,snRNA,HL7YMDSX5,AN00013174,TRUE
UMARY-1133,NABEC,5,snATAC,HK235DMXY,AN00013895,TRUE
UMARY-1133,NABEC,5,snATAC,HKGC2DMXY,AN00013895,TRUE
UMARY-1133,NABEC,5,snRNA,HTWNHDSX5,AN00013896,TRUE
UMARY-1134,NABEC,5,snATAC,HK235DMXY,AN00013895,TRUE
UMARY-1134,NABEC,5,snATAC,HKGC2DMXY,AN00013895,TRUE
UMARY-1134,NABEC,5,snRNA,HTWNHDSX5,AN00013896,TRUE
UMARY-1135,NABEC,1,snATAC,HJ2N2DMXY,AN00013175,TRUE
UMARY-1135,NABEC,1,snATAC,HJ73CDMXY,AN00013175,TRUE
UMARY-1135,NABEC,1,snRNA,HL7YMDSX5,AN00013174,TRUE
UMARY-1136,NABEC,5,snATAC,HK235DMXY,AN00013895,TRUE
UMARY-1136,NABEC,5,snATAC,HKGC2DMXY,AN00013895,TRUE
UMARY-1136,NABEC,5,snRNA,HTWNHDSX5,AN00013896,TRUE
UMARY-1158,NABEC,2,snATAC,HJNTLDMXY,AN00013413,TRUE
UMARY-1158,NABEC,2,snATAC,HJNTMDMXY,AN00013413,TRUE
UMARY-1158,NABEC,2,snRNA,HTWVGDSX5,AN00013415,TRUE
UMARY-1206,NABEC,2,snATAC,HJNTLDMXY,AN00013413,TRUE
UMARY-1206,NABEC,2,snATAC,HJNTMDMXY,AN00013413,TRUE
UMARY-1206,NABEC,2,snRNA,HTWVGDSX5,AN00013415,TRUE
UMARY-1259,NABEC,1,snATAC,HJ2N2DMXY,AN00013175,TRUE
UMARY-1259,NABEC,1,snATAC,HJ73CDMXY,AN00013175,TRUE
UMARY-1259,NABEC,1,snRNA,HL7YMDSX5,AN00013174,TRUE
UMARY-1266,NABEC,5,snATAC,HK235DMXY,AN00013895,TRUE
UMARY-1266,NABEC,5,snATAC,HKGC2DMXY,AN00013895,TRUE
UMARY-1266,NABEC,5,snRNA,HTWNHDSX5,AN00013896,TRUE
UMARY-1277,NABEC,1,snATAC,HJ2N2DMXY,AN00013175,TRUE
UMARY-1277,NABEC,1,snATAC,HJ73CDMXY,AN00013175,TRUE
UMARY-1277,NABEC,1,snRNA,HL7YMDSX5,AN00013174,TRUE
UMARY-1279,NABEC,1,snATAC,HJ2N2DMXY,AN00013175,TRUE
UMARY-1279,NABEC,1,snATAC,HJ73CDMXY,AN00013175,TRUE
UMARY-1279,NABEC,1,snRNA,HL7YMDSX5,AN00013174,TRUE
UMARY-1322,NABEC,1,snATAC,HJ2N2DMXY,AN00013175,TRUE
UMARY-1322,NABEC,1,snATAC,HJ73CDMXY,AN00013175,TRUE
UMARY-1322,NABEC,1,snRNA,HL7YMDSX5,AN00013174,TRUE
UMARY-1323,NABEC,2,snATAC,HJNTLDMXY,AN00013413,TRUE
UMARY-1323,NABEC,2,snATAC,HJNTMDMXY,AN00013413,TRUE
UMARY-1323,NABEC,2,snRNA,HTWVGDSX5,AN00013415,TRUE
UMARY-1326,NABEC,2,snATAC,HJNTLDMXY,AN00013413,TRUE
UMARY-1326,NABEC,2,snATAC,HJNTMDMXY,AN00013413,TRUE
UMARY-1326,NABEC,2,snRNA,HTWVGDSX5,AN00013415,TRUE
UMARY-1347,NABEC,2,snATAC,HJNTLDMXY,AN00013413,TRUE
UMARY-1347,NABEC,2,snATAC,HJNTMDMXY,AN00013413,TRUE
UMARY-1347,NABEC,2,snRNA,HTWVGDSX5,AN00013415,TRUE
UMARY-1362,NABEC,2,snATAC,HJNTLDMXY,AN00013413,TRUE
UMARY-1362,NABEC,2,snATAC,HJNTMDMXY,AN00013413,TRUE
UMARY-1362,NABEC,2,snRNA,HTWVGDSX5,AN00013415,TRUE
UMARY-1363,NABEC,2,snATAC,HJNTLDMXY,AN00013413,TRUE
UMARY-1363,NABEC,2,snATAC,HJNTMDMXY,AN00013413,TRUE
UMARY-1363,NABEC,2,snRNA,HTWVGDSX5,AN00013415,TRUE
UMARY-1378,NABEC,2,snATAC,HJNTLDMXY,AN00013413,TRUE
UMARY-1378,NABEC,2,snATAC,HJNTMDMXY,AN00013413,TRUE
UMARY-1378,NABEC,2,snRNA,HTWVGDSX5,AN00013415,TRUE
UMARY-1379,NABEC,2,snATAC,HJNTLDMXY,AN00013413,TRUE
UMARY-1379,NABEC,2,snATAC,HJNTMDMXY,AN00013413,TRUE
UMARY-1379,NABEC,2,snRNA,HTWVGDSX5,AN00013415,TRUE
UMARY-1406,NABEC,2,snATAC,HJNTLDMXY,AN00013413,TRUE
UMARY-1406,NABEC,2,snATAC,HJNTMDMXY,AN00013413,TRUE
UMARY-1406,NABEC,2,snRNA,HTWVGDSX5,AN00013415,TRUE
UMARY-1410,NABEC,2,snATAC,HJNTLDMXY,AN00013413,TRUE
UMARY-1410,NABEC,2,snATAC,HJNTMDMXY,AN00013413,TRUE
UMARY-1410,NABEC,2,snRNA,HTWVGDSX5,AN00013415,TRUE
UMARY-1442,NABEC,2,snATAC,HJNTLDMXY,AN00013413,TRUE
UMARY-1442,NABEC,2,snATAC,HJNTMDMXY,AN00013413,TRUE
UMARY-1442,NABEC,2,snRNA,HTWVGDSX5,AN00013415,TRUE
UMARY-1454,NABEC,2,snATAC,HJNTLDMXY,AN00013413,TRUE
UMARY-1454,NABEC,2,snATAC,HJNTMDMXY,AN00013413,TRUE
UMARY-1454,NABEC,2,snRNA,HTWVGDSX5,AN00013415,TRUE
UMARY-1455,NABEC,2,snATAC,HJNTLDMXY,AN00013413,TRUE
UMARY-1455,NABEC,2,snATAC,HJNTMDMXY,AN00013413,TRUE
UMARY-1455,NABEC,2,snRNA,HTWVGDSX5,AN00013415,TRUE
UMARY-1461,NABEC,2,snATAC,HJNTLDMXY,AN00013413,TRUE
UMARY-1461,NABEC,2,snATAC,HJNTMDMXY,AN00013413,TRUE
UMARY-1461,NABEC,2,snRNA,HTWVGDSX5,AN00013415,TRUE
UMARY-1464,NABEC,2,snATAC,HJNTLDMXY,AN00013413,TRUE
UMARY-1464,NABEC,2,snATAC,HJNTMDMXY,AN00013413,TRUE
UMARY-1464,NABEC,2,snRNA,HTWVGDSX5,AN00013415,TRUE
UMARY-1465,NABEC,2,snATAC,HJNTLDMXY,AN00013413,TRUE
UMARY-1465,NABEC,2,snATAC,HJNTMDMXY,AN00013413,TRUE
UMARY-1465,NABEC,2,snRNA,HTWVGDSX5,AN00013415,TRUE
UMARY-1475,NABEC,2,snATAC,HJNTLDMXY,AN00013413,TRUE
UMARY-1475,NABEC,2,snATAC,HJNTMDMXY,AN00013413,TRUE
UMARY-1475,NABEC,2,snRNA,HTWVGDSX5,AN00013415,TRUE
UMARY-1486,NABEC,2,snATAC,HJNTLDMXY,AN00013413,TRUE
UMARY-1486,NABEC,2,snATAC,HJNTMDMXY,AN00013413,TRUE
UMARY-1486,NABEC,2,snRNA,HTWVGDSX5,AN00013415,TRUE
UMARY-1496,NABEC,2,snATAC,HJNTLDMXY,AN00013413,TRUE
UMARY-1496,NABEC,2,snATAC,HJNTMDMXY,AN00013413,TRUE
UMARY-1496,NABEC,2,snRNA,HTWVGDSX5,AN00013415,TRUE
UMARY-1498,NABEC,5,snATAC,HK235DMXY,AN00013895,TRUE
UMARY-1498,NABEC,5,snATAC,HKGC2DMXY,AN00013895,TRUE
UMARY-1498,NABEC,5,snRNA,HTWNHDSX5,AN00013896,TRUE
UMARY-1535,NABEC,2,snATAC,HJNTLDMXY,AN00013413,TRUE
UMARY-1535,NABEC,2,snATAC,HJNTMDMXY,AN00013413,TRUE
UMARY-1535,NABEC,2,snRNA,HTWVGDSX5,AN00013415,TRUE
UMARY-1539,NABEC,5,snATAC,HK235DMXY,AN00013895,TRUE
UMARY-1539,NABEC,5,snATAC,HKGC2DMXY,AN00013895,TRUE
UMARY-1539,NABEC,5,snRNA,HTWNHDSX5,AN00013896,TRUE
UMARY-1540,NABEC,2,snATAC,HJNTLDMXY,AN00013413,TRUE
UMARY-1540,NABEC,2,snATAC,HJNTMDMXY,AN00013413,TRUE
UMARY-1540,NABEC,2,snRNA,HTWVGDSX5,AN00013415,TRUE
UMARY-1541,NABEC,2,snATAC,HJNTLDMXY,AN00013413,TRUE
UMARY-1541,NABEC,2,snATAC,HJNTMDMXY,AN00013413,TRUE
UMARY-1541,NABEC,2,snRNA,HTWVGDSX5,AN00013415,TRUE
UMARY-1543,NABEC,2,snATAC,HJNTLDMXY,AN00013413,TRUE
UMARY-1543,NABEC,2,snATAC,HJNTMDMXY,AN00013413,TRUE
UMARY-1543,NABEC,2,snRNA,HTWVGDSX5,AN00013415,TRUE
UMARY-1544,NABEC,2,snATAC,HJNTLDMXY,AN00013413,TRUE
UMARY-1544,NABEC,2,snATAC,HJNTMDMXY,AN00013413,TRUE
UMARY-1544,NABEC,2,snRNA,HTWVGDSX5,AN00013415,TRUE
UMARY-1545,NABEC,5,snATAC,HK235DMXY,AN00013895,TRUE
UMARY-1545,NABEC,5,snATAC,HKGC2DMXY,AN00013895,TRUE
UMARY-1545,NABEC,5,snRNA,HTWNHDSX5,AN00013896,TRUE
UMARY-1568,NABEC,2,snATAC,HJNTLDMXY,AN00013413,TRUE
UMARY-1568,NABEC,2,snATAC,HJNTMDMXY,AN00013413,TRUE
UMARY-1568,NABEC,2,snRNA,HTWVGDSX5,AN00013415,TRUE
UMARY-1570,NABEC,2,snATAC,HJNTLDMXY,AN00013413,TRUE
UMARY-1570,NABEC,2,snATAC,HJNTMDMXY,AN00013413,TRUE
UMARY-1570,NABEC,2,snRNA,HTWVGDSX5,AN00013415,TRUE
UMARY-1571,NABEC,2,snATAC,HJNTLDMXY,AN00013413,TRUE
UMARY-1571,NABEC,2,snATAC,HJNTMDMXY,AN00013413,TRUE
UMARY-1571,NABEC,2,snRNA,HTWVGDSX5,AN00013415,TRUE
UMARY-1584,NABEC,2,snATAC,HJNTLDMXY,AN00013413,TRUE
UMARY-1584,NABEC,2,snATAC,HJNTMDMXY,AN00013413,TRUE
UMARY-1584,NABEC,2,snRNA,HTWVGDSX5,AN00013415,TRUE
UMARY-1607,NABEC,3,snATAC,HK3VCDMXY,AN00013701,TRUE
UMARY-1607,NABEC,3,snATAC,HK725DMXY,AN00013701,TRUE
UMARY-1607,NABEC,3,snRNA,HTY73DSX5,AN00013702,TRUE
UMARY-1609,NABEC,3,snATAC,HK3VCDMXY,AN00013701,TRUE
UMARY-1609,NABEC,3,snATAC,HK725DMXY,AN00013701,TRUE
UMARY-1609,NABEC,3,snRNA,HTY73DSX5,AN00013702,TRUE
UMARY-164,NABEC,3,snATAC,HK3VCDMXY,AN00013701,TRUE
UMARY-164,NABEC,3,snATAC,HK725DMXY,AN00013701,TRUE
UMARY-164,NABEC,3,snRNA,HTY73DSX5,AN00013702,TRUE
UMARY-1648,NABEC,3,snATAC,HK3VCDMXY,AN00013701,TRUE
UMARY-1648,NABEC,3,snATAC,HK725DMXY,AN00013701,TRUE
UMARY-1648,NABEC,3,snRNA,HTY73DSX5,AN00013702,TRUE
UMARY-165,NABEC,3,snATAC,HK3VCDMXY,AN00013701,TRUE
UMARY-165,NABEC,3,snATAC,HK725DMXY,AN00013701,TRUE
UMARY-165,NABEC,3,snRNA,HTY73DSX5,AN00013702,TRUE
UMARY-1668,NABEC,3,snATAC,HK3VCDMXY,AN00013701,TRUE
UMARY-1668,NABEC,3,snATAC,HK725DMXY,AN00013701,TRUE
UMARY-1668,NABEC,3,snRNA,HTY73DSX5,AN00013702,TRUE
UMARY-1672,NABEC,3,snATAC,HK3VCDMXY,AN00013701,TRUE
UMARY-1672,NABEC,3,snATAC,HK725DMXY,AN00013701,TRUE
UMARY-1672,NABEC,3,snRNA,HTY73DSX5,AN00013702,TRUE
UMARY-1675,NABEC,3,snATAC,HK3VCDMXY,AN00013701,TRUE
UMARY-1675,NABEC,3,snATAC,HK725DMXY,AN00013701,TRUE
UMARY-1675,NABEC,3,snRNA,HTY73DSX5,AN00013702,TRUE
UMARY-1710,NABEC,3,snATAC,HK3VCDMXY,AN00013701,TRUE
UMARY-1710,NABEC,3,snATAC,HK725DMXY,AN00013701,TRUE
UMARY-1710,NABEC,3,snRNA,HTY73DSX5,AN00013702,TRUE
UMARY-1713,NABEC,3,snATAC,HK3VCDMXY,AN00013701,TRUE
UMARY-1713,NABEC,3,snATAC,HK725DMXY,AN00013701,TRUE
UMARY-1713,NABEC,3,snRNA,HTY73DSX5,AN00013702,TRUE
UMARY-1743,NABEC,3,snATAC,HK3VCDMXY,AN00013701,TRUE
UMARY-1743,NABEC,3,snATAC,HK725DMXY,AN00013701,TRUE
UMARY-1743,NABEC,3,snRNA,HTY73DSX5,AN00013702,TRUE
UMARY-177,NABEC,3,snATAC,HK3VCDMXY,AN00013701,TRUE
UMARY-177,NABEC,3,snATAC,HK725DMXY,AN00013701,TRUE
UMARY-177,NABEC,3,snRNA,HTY73DSX5,AN00013702,TRUE
UMARY-1789,NABEC,3,snATAC,HK3VCDMXY,AN00013701,TRUE
UMARY-1789,NABEC,3,snATAC,HK725DMXY,AN00013701,TRUE
UMARY-1789,NABEC,3,snRNA,HTY73DSX5,AN00013702,TRUE
UMARY-1792,NABEC,3,snATAC,HK3VCDMXY,AN00013701,TRUE
UMARY-1792,NABEC,3,snATAC,HK725DMXY,AN00013701,TRUE
UMARY-1792,NABEC,3,snRNA,HTY73DSX5,AN00013702,TRUE
UMARY-1794,NABEC,3,snATAC,HK3VCDMXY,AN00013701,TRUE
UMARY-1794,NABEC,3,snATAC,HK725DMXY,AN00013701,TRUE
UMARY-1794,NABEC,3,snRNA,HTY73DSX5,AN00013702,TRUE
UMARY-1795,NABEC,5,snATAC,HK235DMXY,AN00013895,TRUE
UMARY-1795,NABEC,5,snATAC,HKGC2DMXY,AN00013895,TRUE
UMARY-1795,NABEC,5,snRNA,HTWNHDSX5,AN00013896,TRUE
UMARY-1796,NABEC,3,snATAC,HK3VCDMXY,AN00013701,TRUE
UMARY-1796,NABEC,3,snATAC,HK725DMXY,AN00013701,TRUE
UMARY-1796,NABEC,3,snRNA,HTY73DSX5,AN00013702,TRUE
UMARY-1797,NABEC,3,snATAC,HK3VCDMXY,AN00013701,TRUE
UMARY-1797,NABEC,3,snATAC,HK725DMXY,AN00013701,TRUE
UMARY-1797,NABEC,3,snRNA,HTY73DSX5,AN00013702,TRUE
UMARY-1818,NABEC,3,snATAC,HK3VCDMXY,AN00013701,TRUE
UMARY-1818,NABEC,3,snATAC,HK725DMXY,AN00013701,TRUE
UMARY-1818,NABEC,3,snRNA,HTY73DSX5,AN00013702,TRUE
UMARY-1823,NABEC,3,snATAC,HK3VCDMXY,AN00013701,TRUE
UMARY-1823,NABEC,3,snATAC,HK725DMXY,AN00013701,TRUE
UMARY-1823,NABEC,3,snRNA,HTY73DSX5,AN00013702,TRUE
UMARY-1825,NABEC,3,snATAC,HK3VCDMXY,AN00013701,TRUE
UMARY-1825,NABEC,3,snATAC,HK725DMXY,AN00013701,TRUE
UMARY-1825,NABEC,3,snRNA,HTY73DSX5,AN00013702,TRUE
UMARY-1827,NABEC,3,snATAC,HK3VCDMXY,AN00013701,TRUE
UMARY-1827,NABEC,3,snATAC,HK725DMXY,AN00013701,TRUE
UMARY-1827,NABEC,3,snRNA,HTY73DSX5,AN00013702,TRUE
UMARY-1831,NABEC,3,snATAC,HK3VCDMXY,AN00013701,TRUE
UMARY-1831,NABEC,3,snATAC,HK725DMXY,AN00013701,TRUE
UMARY-1831,NABEC,3,snRNA,HTY73DSX5,AN00013702,TRUE
UMARY-1841,NABEC,3,snATAC,HK3VCDMXY,AN00013701,TRUE
UMARY-1841,NABEC,3,snATAC,HK725DMXY,AN00013701,TRUE
UMARY-1841,NABEC,3,snRNA,HTY73DSX5,AN00013702,TRUE
UMARY-1843,NABEC,3,snATAC,HK3VCDMXY,AN00013701,TRUE
UMARY-1843,NABEC,3,snATAC,HK725DMXY,AN00013701,TRUE
UMARY-1843,NABEC,3,snRNA,HTY73DSX5,AN00013702,TRUE
UMARY-1845,NABEC,5,snATAC,HK235DMXY,AN00013895,TRUE
UMARY-1845,NABEC,5,snATAC,HKGC2DMXY,AN00013895,TRUE
UMARY-1845,NABEC,5,snRNA,HTWNHDSX5,AN00013896,TRUE
UMARY-1847,NABEC,3,snATAC,HK3VCDMXY,AN00013701,TRUE
UMARY-1847,NABEC,3,snATAC,HK725DMXY,AN00013701,TRUE
UMARY-1847,NABEC,3,snRNA,HTY73DSX5,AN00013702,TRUE
UMARY-1849,NABEC,3,snATAC,HK3VCDMXY,AN00013701,TRUE
UMARY-1849,NABEC,3,snATAC,HK725DMXY,AN00013701,TRUE
UMARY-1849,NABEC,3,snRNA,HTY73DSX5,AN00013702,TRUE
UMARY-1859,NABEC,3,snATAC,HK3VCDMXY,AN00013701,TRUE
UMARY-1859,NABEC,3,snATAC,HK725DMXY,AN00013701,TRUE
UMARY-1859,NABEC,3,snRNA,HTY73DSX5,AN00013702,TRUE
UMARY-1861,NABEC,3,snATAC,HK3VCDMXY,AN00013701,TRUE
UMARY-1861,NABEC,3,snATAC,HK725DMXY,AN00013701,TRUE
UMARY-1861,NABEC,3,snRNA,HTY73DSX5,AN00013702,TRUE
UMARY-1862,NABEC,3,snATAC,HK3VCDMXY,AN00013701,TRUE
UMARY-1862,NABEC,3,snATAC,HK725DMXY,AN00013701,TRUE
UMARY-1862,NABEC,3,snRNA,HTY73DSX5,AN00013702,TRUE
UMARY-1865,NABEC,3,snATAC,HK3VCDMXY,AN00013701,TRUE
UMARY-1865,NABEC,3,snATAC,HK725DMXY,AN00013701,TRUE
UMARY-1865,NABEC,3,snRNA,HTY73DSX5,AN00013702,TRUE
UMARY-1866,NABEC,5,snATAC,HK235DMXY,AN00013895,TRUE
UMARY-1866,NABEC,5,snATAC,HKGC2DMXY,AN00013895,TRUE
UMARY-1866,NABEC,5,snRNA,HTWNHDSX5,AN00013896,TRUE
UMARY-1902,NABEC,3,snATAC,HK3VCDMXY,AN00013701,TRUE
UMARY-1902,NABEC,3,snATAC,HK725DMXY,AN00013701,TRUE
UMARY-1902,NABEC,3,snRNA,HTY73DSX5,AN00013702,TRUE
UMARY-1909,NABEC,3,snATAC,HK3VCDMXY,AN00013701,TRUE
UMARY-1909,NABEC,3,snATAC,HK725DMXY,AN00013701,TRUE
UMARY-1909,NABEC,3,snRNA,HTY73DSX5,AN00013702,TRUE
UMARY-1935,NABEC,3,snATAC,HK3VCDMXY,AN00013701,TRUE
UMARY-1935,NABEC,3,snATAC,HK725DMXY,AN00013701,TRUE
UMARY-1935,NABEC,3,snRNA,HTY73DSX5,AN00013702,TRUE
UMARY-240,NABEC,3,snATAC,HK3VCDMXY,AN00013701,TRUE
UMARY-240,NABEC,3,snATAC,HK725DMXY,AN00013701,TRUE
UMARY-240,NABEC,3,snRNA,HTY73DSX5,AN00013702,TRUE
UMARY-251,NABEC,3,snATAC,HK3VCDMXY,AN00013701,TRUE
UMARY-251,NABEC,3,snATAC,HK725DMXY,AN00013701,TRUE
UMARY-251,NABEC,3,snRNA,HTY73DSX5,AN00013702,TRUE
UMARY-26,NABEC,5,snATAC,HK235DMXY,AN00013895,TRUE
UMARY-26,NABEC,5,snATAC,HKGC2DMXY,AN00013895,TRUE
UMARY-26,NABEC,5,snRNA,HTWNHDSX5,AN00013896,TRUE
UMARY-260,NABEC,3,snATAC,HK3VCDMXY,AN00013701,TRUE
UMARY-260,NABEC,3,snATAC,HK725DMXY,AN00013701,TRUE
UMARY-260,NABEC,3,snRNA,HTY73DSX5,AN00013702,TRUE
UMARY-288,NABEC,3,snATAC,HK3VCDMXY,AN00013701,TRUE
UMARY-288,NABEC,3,snATAC,HK725DMXY,AN00013701,TRUE
UMARY-288,NABEC,3,snRNA,HTY73DSX5,AN00013702,TRUE
UMARY-4228,NABEC,3,snATAC,HK3VCDMXY,AN00013701,TRUE
UMARY-4228,NABEC,3,snATAC,HK725DMXY,AN00013701,TRUE
UMARY-4228,NABEC,3,snRNA,HTY73DSX5,AN00013702,TRUE
UMARY-4263,NABEC,3,snATAC,HK3VCDMXY,AN00013701,TRUE
UMARY-4263,NABEC,3,snATAC,HK725DMXY,AN00013701,TRUE
UMARY-4263,NABEC,3,snRNA,HTY73DSX5,AN00013702,TRUE
UMARY-4540,NABEC,3,snATAC,HK3VCDMXY,AN00013701,TRUE
UMARY-4540,NABEC,3,snATAC,HK725DMXY,AN00013701,TRUE
UMARY-4540,NABEC,3,snRNA,HTY73DSX5,AN00013702,TRUE
UMARY-4542,NABEC,4,snATAC,HK3V5DMXY,AN00013820,TRUE
UMARY-4542,NABEC,4,snATAC,HKCGCDMXY,AN00013820,TRUE
UMARY-4542,NABEC,4,snRNA,HY2YYDSX5,AN00013821,TRUE
UMARY-4549,NABEC,5,snATAC,HK235DMXY,AN00013895,TRUE
UMARY-4549,NABEC,5,snATAC,HKGC2DMXY,AN00013895,TRUE
UMARY-4549,NABEC,5,snRNA,HTWNHDSX5,AN00013896,TRUE
UMARY-455,NABEC,4,snATAC,HK3V5DMXY,AN00013820,TRUE
UMARY-455,NABEC,4,snATAC,HKCGCDMXY,AN00013820,TRUE
UMARY-455,NABEC,4,snRNA,HY2YYDSX5,AN00013821,TRUE
UMARY-4592,NABEC,4,snATAC,HK3V5DMXY,AN00013820,TRUE
UMARY-4592,NABEC,4,snATAC,HKCGCDMXY,AN00013820,TRUE
UMARY-4592,NABEC,4,snRNA,HY2YYDSX5,AN00013821,TRUE
UMARY-4636,NABEC,4,snATAC,HK3V5DMXY,AN00013820,TRUE
UMARY-4636,NABEC,4,snATAC,HKCGCDMXY,AN00013820,TRUE
UMARY-4636,NABEC,4,snRNA,HY2YYDSX5,AN00013821,TRUE
UMARY-4638,NABEC,4,snATAC,HK3V5DMXY,AN00013820,TRUE
UMARY-4638,NABEC,4,snATAC,HKCGCDMXY,AN00013820,TRUE
UMARY-4638,NABEC,4,snRNA,HY2YYDSX5,AN00013821,TRUE
UMARY-4640,NABEC,4,snATAC,HK3V5DMXY,AN00013820,TRUE
UMARY-4640,NABEC,4,snATAC,HKCGCDMXY,AN00013820,TRUE
UMARY-4640,NABEC,4,snRNA,HY2YYDSX5,AN00013821,TRUE
UMARY-4669,NABEC,4,snATAC,HK3V5DMXY,AN00013820,TRUE
UMARY-4669,NABEC,4,snATAC,HKCGCDMXY,AN00013820,TRUE
UMARY-4669,NABEC,4,snRNA,HY2YYDSX5,AN00013821,TRUE
UMARY-4725,NABEC,4,snATAC,HK3V5DMXY,AN00013820,TRUE
UMARY-4725,NABEC,4,snATAC,HKCGCDMXY,AN00013820,TRUE
UMARY-4725,NABEC,4,snRNA,HY2YYDSX5,AN00013821,TRUE
UMARY-4726,NABEC,4,snATAC,HK3V5DMXY,AN00013820,TRUE
UMARY-4726,NABEC,4,snATAC,HKCGCDMXY,AN00013820,TRUE
UMARY-4726,NABEC,4,snRNA,HY2YYDSX5,AN00013821,TRUE
UMARY-4727,NABEC,4,snATAC,HK3V5DMXY,AN00013820,TRUE
UMARY-4727,NABEC,4,snATAC,HKCGCDMXY,AN00013820,TRUE
UMARY-4727,NABEC,4,snRNA,HY2YYDSX5,AN00013821,TRUE
UMARY-4728,NABEC,4,snATAC,HK3V5DMXY,AN00013820,TRUE
UMARY-4728,NABEC,4,snATAC,HKCGCDMXY,AN00013820,TRUE
UMARY-4728,NABEC,4,snRNA,HY2YYDSX5,AN00013821,TRUE
UMARY-4729,NABEC,4,snATAC,HK3V5DMXY,AN00013820,TRUE
UMARY-4729,NABEC,4,snATAC,HKCGCDMXY,AN00013820,TRUE
UMARY-4729,NABEC,4,snRNA,HY2YYDSX5,AN00013821,TRUE
UMARY-4735,NABEC,4,snATAC,HK3V5DMXY,AN00013820,TRUE
UMARY-4735,NABEC,4,snATAC,HKCGCDMXY,AN00013820,TRUE
UMARY-4735,NABEC,4,snRNA,HY2YYDSX5,AN00013821,TRUE
UMARY-4782,NABEC,4,snATAC,HK3V5DMXY,AN00013820,TRUE
UMARY-4782,NABEC,4,snATAC,HKCGCDMXY,AN00013820,TRUE
UMARY-4782,NABEC,4,snRNA,HY2YYDSX5,AN00013821,TRUE
UMARY-4786,NABEC,4,snATAC,HK3V5DMXY,AN00013820,TRUE
UMARY-4786,NABEC,4,snATAC,HKCGCDMXY,AN00013820,TRUE
UMARY-4786,NABEC,4,snRNA,HY2YYDSX5,AN00013821,TRUE
UMARY-4789,NABEC,4,snATAC,HK3V5DMXY,AN00013820,TRUE
UMARY-4789,NABEC,4,snATAC,HKCGCDMXY,AN00013820,TRUE
UMARY-4789,NABEC,4,snRNA,HY2YYDSX5,AN00013821,TRUE
UMARY-4842,NABEC,4,snATAC,HK3V5DMXY,AN00013820,TRUE
UMARY-4842,NABEC,4,snATAC,HKCGCDMXY,AN00013820,TRUE
UMARY-4842,NABEC,4,snRNA,HY2YYDSX5,AN00013821,TRUE
UMARY-4903,NABEC,4,snATAC,HK3V5DMXY,AN00013820,TRUE
UMARY-4903,NABEC,4,snATAC,HKCGCDMXY,AN00013820,TRUE
UMARY-4903,NABEC,4,snRNA,HY2YYDSX5,AN00013821,TRUE
UMARY-4906,NABEC,4,snATAC,HK3V5DMXY,AN00013820,TRUE
UMARY-4906,NABEC,4,snATAC,HKCGCDMXY,AN00013820,TRUE
UMARY-4906,NABEC,4,snRNA,HY2YYDSX5,AN00013821,TRUE
UMARY-4916,NABEC,4,snATAC,HK3V5DMXY,AN00013820,TRUE
UMARY-4916,NABEC,4,snATAC,HKCGCDMXY,AN00013820,TRUE
UMARY-4916,NABEC,4,snRNA,HY2YYDSX5,AN00013821,TRUE
UMARY-4924,NABEC,4,snATAC,HK3V5DMXY,AN00013820,TRUE
UMARY-4924,NABEC,4,snATAC,HKCGCDMXY,AN00013820,TRUE
UMARY-4924,NABEC,4,snRNA,HY2YYDSX5,AN00013821,TRUE
UMARY-5024,NABEC,4,snATAC,HK3V5DMXY,AN00013820,TRUE
UMARY-5024,NABEC,4,snATAC,HKCGCDMXY,AN00013820,TRUE
UMARY-5024,NABEC,4,snRNA,HY2YYDSX5,AN00013821,TRUE
UMARY-5028,NABEC,4,snATAC,HK3V5DMXY,AN00013820,TRUE
UMARY-5028,NABEC,4,snATAC,HKCGCDMXY,AN00013820,TRUE
UMARY-5028,NABEC,4,snRNA,HY2YYDSX5,AN00013821,TRUE
UMARY-5077,NABEC,5,snATAC,HK235DMXY,AN00013895,TRUE
UMARY-5077,NABEC,5,snATAC,HKGC2DMXY,AN00013895,TRUE
UMARY-5077,NABEC,5,snRNA,HTWNHDSX5,AN00013896,TRUE
UMARY-5078,NABEC,4,snATAC,HK3V5DMXY,AN00013820,TRUE
UMARY-5078,NABEC,4,snATAC,HKCGCDMXY,AN00013820,TRUE
UMARY-5078,NABEC,4,snRNA,HY2YYDSX5,AN00013821,TRUE
UMARY-5079,NABEC,4,snATAC,HK3V5DMXY,AN00013820,TRUE
UMARY-5079,NABEC,4,snATAC,HKCGCDMXY,AN00013820,TRUE
UMARY-5079,NABEC,4,snRNA,HY2YYDSX5,AN00013821,TRUE
UMARY-5086,NABEC,4,snATAC,HK3V5DMXY,AN00013820,TRUE
UMARY-5086,NABEC,4,snATAC,HKCGCDMXY,AN00013820,TRUE
UMARY-5086,NABEC,4,snRNA,HY2YYDSX5,AN00013821,TRUE
UMARY-5087,NABEC,4,snATAC,HK3V5DMXY,AN00013820,TRUE
UMARY-5087,NABEC,4,snATAC,HKCGCDMXY,AN00013820,TRUE
UMARY-5087,NABEC,4,snRNA,HY2YYDSX5,AN00013821,TRUE
UMARY-5088,NABEC,4,snATAC,HK3V5DMXY,AN00013820,TRUE
UMARY-5088,NABEC,4,snATAC,HKCGCDMXY,AN00013820,TRUE
UMARY-5088,NABEC,4,snRNA,HY2YYDSX5,AN00013821,TRUE
UMARY-5114,NABEC,4,snATAC,HK3V5DMXY,AN00013820,TRUE
UMARY-5114,NABEC,4,snATAC,HKCGCDMXY,AN00013820,TRUE
UMARY-5114,NABEC,4,snRNA,HY2YYDSX5,AN00013821,TRUE
UMARY-5116,NABEC,4,snATAC,HK3V5DMXY,AN00013820,TRUE
UMARY-5116,NABEC,4,snATAC,HKCGCDMXY,AN00013820,TRUE
UMARY-5116,NABEC,4,snRNA,HY2YYDSX5,AN00013821,TRUE
UMARY-5117,NABEC,4,snATAC,HK3V5DMXY,AN00013820,TRUE
UMARY-5117,NABEC,4,snATAC,HKCGCDMXY,AN00013820,TRUE
UMARY-5117,NABEC,4,snRNA,HY2YYDSX5,AN00013821,TRUE
UMARY-5120,NABEC,4,snATAC,HK3V5DMXY,AN00013820,TRUE
UMARY-5120,NABEC,4,snATAC,HKCGCDMXY,AN00013820,TRUE
UMARY-5120,NABEC,4,snRNA,HY2YYDSX5,AN00013821,TRUE
UMARY-5123,NABEC,4,snATAC,HK3V5DMXY,AN00013820,TRUE
UMARY-5123,NABEC,4,snATAC,HKCGCDMXY,AN00013820,TRUE
UMARY-5123,NABEC,4,snRNA,HY2YYDSX5,AN00013821,TRUE
UMARY-5171,NABEC,4,snATAC,HK3V5DMXY,AN00013820,TRUE
UMARY-5171,NABEC,4,snATAC,HKCGCDMXY,AN00013820,TRUE
UMARY-5171,NABEC,4,snRNA,HY2YYDSX5,AN00013821,TRUE
UMARY-5179,NABEC,4,snATAC,HK3V5DMXY,AN00013820,TRUE
UMARY-5179,NABEC,4,snATAC,HKCGCDMXY,AN00013820,TRUE
UMARY-5179,NABEC,4,snRNA,HY2YYDSX5,AN00013821,TRUE
UMARY-544,NABEC,4,snATAC,HK3V5DMXY,AN00013820,TRUE
UMARY-544,NABEC,4,snATAC,HKCGCDMXY,AN00013820,TRUE
UMARY-544,NABEC,4,snRNA,HY2YYDSX5,AN00013821,TRUE
UMARY-55,NABEC,4,snATAC,HK3V5DMXY,AN00013820,TRUE
UMARY-55,NABEC,4,snATAC,HKCGCDMXY,AN00013820,TRUE
UMARY-55,NABEC,4,snRNA,HY2YYDSX5,AN00013821,TRUE
UMARY-602,NABEC,4,snATAC,HK3V5DMXY,AN00013820,TRUE
UMARY-602,NABEC,4,snATAC,HKCGCDMXY,AN00013820,TRUE
UMARY-602,NABEC,4,snRNA,HY2YYDSX5,AN00013821,TRUE
UMARY-604,NABEC,5,snATAC,HK235DMXY,AN00013895,TRUE
UMARY-604,NABEC,5,snATAC,HKGC2DMXY,AN00013895,TRUE
UMARY-604,NABEC,5,snRNA,HTWNHDSX5,AN00013896,TRUE
UMARY-634,NABEC,4,snATAC,HK3V5DMXY,AN00013820,TRUE
UMARY-634,NABEC,4,snATAC,HKCGCDMXY,AN00013820,TRUE
UMARY-634,NABEC,4,snRNA,HY2YYDSX5,AN00013821,TRUE
UMARY-650,NABEC,4,snATAC,HK3V5DMXY,AN00013820,TRUE
UMARY-650,NABEC,4,snATAC,HKCGCDMXY,AN00013820,TRUE
UMARY-650,NABEC,4,snRNA,HY2YYDSX5,AN00013821,TRUE
UMARY-671,NABEC,5,snATAC,HK235DMXY,AN00013895,TRUE
UMARY-671,NABEC,5,snATAC,HKGC2DMXY,AN00013895,TRUE
UMARY-671,NABEC,5,snRNA,HTWNHDSX5,AN00013896,TRUE
UMARY-794,NABEC,5,snATAC,HK235DMXY,AN00013895,TRUE
UMARY-794,NABEC,5,snATAC,HKGC2DMXY,AN00013895,TRUE
UMARY-794,NABEC,5,snRNA,HTWNHDSX5,AN00013896,TRUE
UMARY-813,NABEC,5,snATAC,HK235DMXY,AN00013895,TRUE
UMARY-813,NABEC,5,snATAC,HKGC2DMXY,AN00013895,TRUE
UMARY-813,NABEC,5,snRNA,HTWNHDSX5,AN00013896,TRUE
UMARY-818,NABEC,5,snATAC,HK235DMXY,AN00013895,TRUE
UMARY-818,NABEC,5,snATAC,HKGC2DMXY,AN00013895,TRUE
UMARY-818,NABEC,5,snRNA,HTWNHDSX5,AN00013896,TRUE
UMARY-819,NABEC,5,snATAC,HK235DMXY,AN00013895,TRUE
UMARY-819,NABEC,5,snATAC,HKGC2DMXY,AN00013895,TRUE
UMARY-819,NABEC,5,snRNA,HTWNHDSX5,AN00013896,TRUE
UMARY-871,NABEC,5,snATAC,HK235DMXY,AN00013895,TRUE
UMARY-871,NABEC,5,snATAC,HKGC2DMXY,AN00013895,TRUE
UMARY-871,NABEC,5,snRNA,HTWNHDSX5,AN00013896,TRUE
UMARY-879,NABEC,5,snATAC,HK235DMXY,AN00013895,TRUE
UMARY-879,NABEC,5,snATAC,HKGC2DMXY,AN00013895,TRUE
UMARY-879,NABEC,5,snRNA,HTWNHDSX5,AN00013896,TRUE
UMARY-914,NABEC,5,snATAC,HK235DMXY,AN00013895,TRUE
UMARY-914,NABEC,5,snATAC,HKGC2DMXY,AN00013895,TRUE
UMARY-914,NABEC,5,snRNA,HTWNHDSX5,AN00013896,TRUE
UMARY-933,NABEC,5,snATAC,HK235DMXY,AN00013895,TRUE
UMARY-933,NABEC,5,snATAC,HKGC2DMXY,AN00013895,TRUE
UMARY-933,NABEC,5,snRNA,HTWNHDSX5,AN00013896,TRUE
